ENTRY_ID,CATALOG,ID,CATALOGO,VALOR_SIEBEL,VALOR_HOMOLOGADO,ID_VALOR_HOMOLOGADO
3601,CT005SBLTXUPDST,C,CT005SBLTXUPDST,C,Cerrado en Contra,kdrfy98753987tgh
3603,CT005SBLTXUPDST,N,CT005SBLTXUPDST,N,Cerrado a Favor,87b6d8768
3605,CT005SBLTXUPDST,S,CT005SBLTXUPDST,S,Cerrado a Favor,wfr982382yh
3801,CT005RVCTXFACT,02,CT005RVCTXFACT,02,"Hog
",rsFXefVitxucrE373kjVk61ktfU
3803,CT005RVCTXFACT,03,CT005RVCTXFACT,03,"Corp
",JpMU9yzetxud4k373ljVk61ktfU
3805,CT005RVCTXFACT,04,CT005RVCTXFACT,04,"Corp
",ycSEQFo2txudOE373mjVk61ktfU
3807,CT005RVCTXFACT,05,CT005RVCTXFACT,05,"Corp
",2j1q7DdKtxudhk373njVk61ktfU
3809,CT005RVCTXFACT,06,CT005RVCTXFACT,06,"Corp
",Dt5MwcyJtxue/U373ojVk61ktfU
3811,CT005RVCTXFACT,07,CT005RVCTXFACT,07,"Corp
",REdQLVMYtxueJ-373pjVk61ktfU
3813,CT005RVCTXFACT,08,CT005RVCTXFACT,08,"Corp
",XWD2Omi6txuecU373qjVk61ktfU
3815,CT005RVCTXFACT,09,CT005RVCTXFACT,09,"Corp
",P2HNC4Lbtxues-373rjVk61ktfU
3817,CT005RVCTXFACT,10,CT005RVCTXFACT,10,"Corp
",dzri-y-Ltxuf1k373sjVk61ktfU
3819,CT005RVCTXFACT,11,CT005RVCTXFACT,11,"Corp
",oM0gDz1rtxufHU373tjVk61ktfU
3821,CT005RVCTXFACT,12,CT005RVCTXFACT,12,"Corp
",EG7bjDkCtxufTE373ujVk61ktfU
3823,CT005RVCTXFACT,13,CT005RVCTXFACT,13,"Corp
",Rxuh-w0qtxufqU373vjVk61ktfU
3825,CT005RVCTXFACT,14,CT005RVCTXFACT,14,"Corp
",1x5jMZ/itxugG-373wjVk61ktfU
3827,CT005RVCTXFACT,15,CT005RVCTXFACT,15,"Corp
",D9ysMSHttxugVU373xjVk61ktfU
3829,CT005RVCTXFACT,16,CT005RVCTXFACT,16,"Corp
",r6pySViBtxughE373yjVk61ktfU
3831,CT005RVCTXFACT,17,CT005RVCTXFACT,17,"Corp
",3wJJMMAptxugx-373zjVk61ktfU
3833,CT005RVCTXFACT,18,CT005RVCTXFACT,18,"Corp
",YVLyDI6itxuh6U374-jVk61ktfU
3835,CT005RVCTXFACT,19,CT005RVCTXFACT,19,"Corp
",8h/uWtTntxuhME374/jVk61ktfU
3837,CT005RVCTXFACT,20,CT005RVCTXFACT,20,"Corp
",HKgcZj-stxuhbk3740jVk61ktfU
3839,CT005RVCTXFACT,21,CT005RVCTXFACT,21,"Corp
",oU4Ql1MYtxuhrU3741jVk61ktfU
3841,CT005RVCTXFACT,22,CT005RVCTXFACT,22,"Corp
",PR1T4ou6txui9-3742jVk61ktfU
3843,CT005RVCTXFACT,23,CT005RVCTXFACT,23,"Corp
",gvdkh4DUtxuiOk3743jVk61ktfU
3845,CT005RVCTXFACT,24,CT005RVCTXFACT,24,"Corp
",dAK/3mxztxuieE3744jVk61ktfU
3847,CT005RVCTXFACT,25,CT005RVCTXFACT,25,"Corp
",o7g5dIUUtxuiq-3745jVk61ktfU
3849,CT005RVCTXFACT,26,CT005RVCTXFACT,26,"Corp
",/Ug7XATFtxuj/k3746jVk61ktfU
3851,CT005RVCTXFACT,27,CT005RVCTXFACT,27,"Corp
",YsMkwS22txujJE3747jVk61ktfU
3853,CT005RVCTXFACT,28,CT005RVCTXFACT,28,"Corp
",3u9yFGobtxujYk3748jVk61ktfU
3855,CT005RVCTXFACT,29,CT005RVCTXFACT,29,"Corp
",sNh6wIsstxujwE3749jVk61ktfU
3857,CT005RVCTXFACT,30,CT005RVCTXFACT,30,"Corp
",sQpsrZUatxukDk374AjVk61ktfU
3859,CT005RVCTXFACT,31,CT005RVCTXFACT,31,"Corp
",8XjSOcw2txukXE374BjVk61ktfU
3861,CT005RVCTXFACT,32,CT005RVCTXFACT,32,"Corp
",zknGrqhhtxukj-374CjVk61ktfU
3863,CT005RVCTXFACT,33,CT005RVCTXFACT,33,"Corp
",RkXLVOSMtxukyk374DjVk61ktfU
3865,CT005RVCTXFACT,34,CT005RVCTXFACT,34,"Corp
",f/yxnaIHtxulGE374EjVk61ktfU
3867,CT005RVCTXFACT,35,CT005RVCTXFACT,35,"Corp
",Sy9zGBIVtxuldk374FjVk61ktfU
3869,CT005RVCTXFACT,36,CT005RVCTXFACT,36,"Corp
",q-XEH4EwtxulxE374GjVk61ktfU
3871,CT005RVCTXFACT,37,CT005RVCTXFACT,37,"Corp
",digYZTl/txumAk374HjVk61ktfU
3873,CT005RVCTXFACT,38,CT005RVCTXFACT,38,"Corp
",B-XFC6/GtxumQU374IjVk61ktfU
3875,CT005RVCTXFACT,39,CT005RVCTXFACT,39,"Corp
",A6AneY3ktxumk-374JjVk61ktfU
3877,CT005RVCTXFACT,40,CT005RVCTXFACT,40,"Corp
",Eu/7nQBmtxumzU374KjVk61ktfU
3879,CT005RVCTXFACT,41,CT005RVCTXFACT,41,"Corp
",8ojn7vvKtxun9E374LjVk61ktfU
3881,CT005RVCTXFACT,42,CT005RVCTXFACT,42,"Corp
",P72bnGqPtxunL-374MjVk61ktfU
3883,CT005RVCTXFACT,43,CT005RVCTXFACT,43,"Corp
",Z0JBZqwotxuneU374NjVk61ktfU
3885,CT005RVCTXFACT,44,CT005RVCTXFACT,44,"Corp
",/hlsfBcqtxuoVE374OjVk61ktfU
3887,CT005RVCTXFACT,45,CT005RVCTXFACT,45,"Corp
",MX3ETpZitxuoh-374PjVk61ktfU
3889,CT005RVCTXFACT,46,CT005RVCTXFACT,46,"Corp
",PA84kRJxtxuosk374QjVk61ktfU
3891,CT005RVCTXFACT,47,CT005RVCTXFACT,47,"Corp
",Zh37vukrtxup2U374RjVk61ktfU
3893,CT005RVCTXFACT,48,CT005RVCTXFACT,48,"Corp
",0gDVRIBQtxupI-374SjVk61ktfU
3895,CT005RVCTXFACT,49,CT005RVCTXFACT,49,"Corp
",HOKhZKq1txupXk374TjVk61ktfU
3897,CT005RVCTXFACT,50,CT005RVCTXFACT,50,"Corp
",Pu6NU/pCtxupnE374UjVk61ktfU
3899,CT005RVCTXFACT,51,CT005RVCTXFACT,51,"Corp
",n6ueL7Iztxuq1-374VjVk61ktfU
3901,CT005RVCTXFACT,52,CT005RVCTXFACT,52,"Corp
",L3su6L1OtxuqCk374WjVk61ktfU
3903,CT005RVCTXFACT,53,CT005RVCTXFACT,53,"Corp
",YuuNV3vetxuqe-374XjVk61ktfU
3905,CT005RVCTXFACT,55,CT005RVCTXFACT,55,"Corp
",p1d6Lpkbtxuqpk374YjVk61ktfU
3907,CT005RVCTXFACT,56,CT005RVCTXFACT,56,"Corp
",PKKkFv4Gtxur7E374ZjVk61ktfU
3909,CT005RVCTXFACT,60,CT005RVCTXFACT,60,"Corp
",99JFGydCtxurYU374ajVk61ktfU
3911,CT005RVCTXFACT,64,CT005RVCTXFACT,64,"Corp
",TZGQzf5Otxurw-374bjVk61ktfU
3913,CT005RVCTXFACT,65,CT005RVCTXFACT,65,"Corp
",5N5EGmHjtxusDU374cjVk61ktfU
3915,CT005RVCTXFACT,66,CT005RVCTXFACT,66,"Corp
",JJrsm5K-txusX-374djVk61ktfU
3917,CT005RVCTXFACT,67,CT005RVCTXFACT,67,"Corp
",oAxqMmGItxusqU374ejVk61ktfU
3919,CT005RVCTXFACT,70,CT005RVCTXFACT,70,"Corp
",yu0qjDE5txut4E374fjVk61ktfU
3921,CT005RVCTXFACT,71,CT005RVCTXFACT,71,"Corp
",wf0PUjpytxutlE374gjVk61ktfU
3923,CT005RVCTXFACT,72,CT005RVCTXFACT,72,"Corp
",/5ztZqE8txuu-k374hjVk61ktfU
3925,CT005RVCTXFACT,73,CT005RVCTXFACT,73,"Corp
",kPHWrPdbtxuufk374ijVk61ktfU
3927,CT005RVCTXFACT,74,CT005RVCTXFACT,74,"Corp
",bNfswuXAtxuvKk374jjVk61ktfU
3929,CT005RVCTXFACT,75,CT005RVCTXFACT,75,"Corp
",5dvPDZf2txuvm-374kjVk61ktfU
3931,CT005RVCTXFACT,76,CT005RVCTXFACT,76,"Corp
",bh9T-DSGtxux2E374ljVk61ktfU
3933,CT005RVCTXFACT,77,CT005RVCTXFACT,77,"Corp
",b4qYNUsQtxuxHk374mjVk61ktfU
3935,CT005RVCTXFACT,80,CT005RVCTXFACT,80,"Corp
",aYb5ko/Utxuxyk374njVk61ktfU
3937,CT005RVCTXFACT,81,CT005RVCTXFACT,81,"Corp
",Y4HWOgc6txuyGE374ojVk61ktfU
3939,CT005RVCTXFACT,82,CT005RVCTXFACT,82,"Corp
",v3x8pPaOtxuyZk374pjVk61ktfU
3941,CT005RVCTXFACT,90,CT005RVCTXFACT,90,"Corp
",6U863NlWtxuylU374qjVk61ktfU
3943,CT005RVCTXFACT,91,CT005RVCTXFACT,91,"Corp
",mvMseo6Ztxuz/E374rjVk61ktfU
3945,CT005RVCTXFACT,92,CT005RVCTXFACT,92,"Corp
",KkZ/IvwttxuzAk374sjVk61ktfU
3947,CT005RVCTXFACT,93,CT005RVCTXFACT,93,"Corp
",KGtoLl4LtxuzQU374tjVk61ktfU
3949,CT005RVCTXFACT,94,CT005RVCTXFACT,94,"Corp
",Bre4b-UOtxuzzk374ujVk61ktfU
3951,CT005RVCTXFACT,95,CT005RVCTXFACT,95,"Corp
",fyYGyn5wtxv-9E374vjVk61ktfU
3953,CT005RVCTXFACT,96,CT005RVCTXFACT,96,"Corp
",hNOWLe/1txv-P-374wjVk61ktfU
3955,CT005RVCTXFACT,97,CT005RVCTXFACT,97,"Corp
",xIMdHe9Ftxv-ak374xjVk61ktfU
3957,CT005RVCTXFACT,98,CT005RVCTXFACT,98,"Corp
",tRslSfQxtxv-yE374yjVk61ktfU
3959,CT005RVCTXFCACT,01,CT005RVCTXFCACT,01,00,OCXlEcWltxv/7k374zjVk61ktfU
3961,CT005RVCTXFCACT,02,CT005RVCTXFCACT,02,00,ylDbh0K4txv/RU375-jVk61ktfU
3963,CT005RVCTXFCACT,03,CT005RVCTXFCACT,03,10,R9-jgh3Jtxv/h-375/jVk61ktfU
3965,CT005RVCTXFCACT,04,CT005RVCTXFCACT,04,10,KXOVAGX9txv/wk3750jVk61ktfU
3967,CT005RVCTXFCACT,05,CT005RVCTXFCACT,05,10,j9s1mARmtxv0z-3751jVk61ktfU
3969,CT005RVCTXFCACT,06,CT005RVCTXFCACT,06,10,ecQ7xvR7txv1Ck3752jVk61ktfU
3971,CT005RVCTXFCACT,07,CT005RVCTXFCACT,07,10,9rC6soLstxv1OU3753jVk61ktfU
3973,CT005RVCTXFCACT,08,CT005RVCTXFCACT,08,10,tMZYQSjPtxv1e-3754jVk61ktfU
3975,CT005RVCTXFCACT,09,CT005RVCTXFCACT,09,10,3L5nxqtPtxv1pk3755jVk61ktfU
3977,CT005RVCTXFCACT,10,CT005RVCTXFCACT,10,10,NjgrxA/Gtxv2/U3756jVk61ktfU
3979,CT005RVCTXFCACT,11,CT005RVCTXFCACT,11,10,6NUJSoZVtxv2F-3757jVk61ktfU
3981,CT005RVCTXFCACT,12,CT005RVCTXFCACT,12,10,zBzkHqyXtxv2Uk3758jVk61ktfU
3983,CT005RVCTXFCACT,13,CT005RVCTXFCACT,13,10,UEdcpDsBtxv2gU3759jVk61ktfU
3985,CT005RVCTXFCACT,14,CT005RVCTXFCACT,14,10,xrOrJSprtxv2sE375AjVk61ktfU
3987,CT005RVCTXFCACT,15,CT005RVCTXFCACT,15,10,umQOFbsptxv35k375BjVk61ktfU
3989,CT005RVCTXFCACT,16,CT005RVCTXFCACT,16,10,CI2FRnGetxv3HU375CjVk61ktfU
3991,CT005RVCTXFCACT,17,CT005RVCTXFCACT,17,10,gN0gPSlMtxv3TE375DjVk61ktfU
3993,CT005RVCTXFCACT,18,CT005RVCTXFCACT,18,10,Fk24J67Ltxv3f-375EjVk61ktfU
3995,CT005RVCTXFCACT,19,CT005RVCTXFCACT,19,10,o0QaAZ6xtxv3yU375FjVk61ktfU
3997,CT005RVCTXFCACT,20,CT005RVCTXFCACT,20,10,JvTSKxPmtxv4Rk375GjVk61ktfU
3999,CT005RVCTXFCACT,21,CT005RVCTXFCACT,21,10,zEnmHADmtxv4hE375HjVk61ktfU
4001,CT005RVCTXFCACT,22,CT005RVCTXFCACT,22,10,N8CyOHgBtxv4t-375IjVk61ktfU
4003,CT005RVCTXFCACT,23,CT005RVCTXFCACT,23,10,i81NEZultxv56k375JjVk61ktfU
4005,CT005RVCTXFCACT,24,CT005RVCTXFCACT,24,10,CIWeOPZ4txv5QE375KjVk61ktfU
4007,CT005RVCTXFCACT,25,CT005RVCTXFCACT,25,10,LMKyv/R3txv5c-375LjVk61ktfU
4009,CT005RVCTXFCACT,26,CT005RVCTXFCACT,26,10,UqKs-5A4txv5rU375MjVk61ktfU
4011,CT005RVCTXFCACT,27,CT005RVCTXFCACT,27,10,A7gAUEy-txv61E375NjVk61ktfU
4013,CT005RVCTXFCACT,28,CT005RVCTXFCACT,28,10,sjpuC4a7txv6Kk375OjVk61ktfU
4015,CT005RVCTXFCACT,29,CT005RVCTXFCACT,29,10,QEHk6ot0txv6WU375PjVk61ktfU
4017,CT005RVCTXFCACT,30,CT005RVCTXFCACT,30,10,yYzj8vXKtxv6mE375QjVk61ktfU
4019,CT005RVCTXFCACT,31,CT005RVCTXFCACT,31,10,O01Owiastxv6xk375RjVk61ktfU
4021,CT005RVCTXFCACT,32,CT005RVCTXFCACT,32,10,TRpsjZMRtxv7R-375SjVk61ktfU
4023,CT005RVCTXFCACT,33,CT005RVCTXFCACT,33,10,SN1abyRDtxv7ck375TjVk61ktfU
4025,CT005RVCTXFCACT,34,CT005RVCTXFCACT,34,10,F4WdIbQetxv8-E375UjVk61ktfU
4027,CT005RVCTXFCACT,35,CT005RVCTXFCACT,35,10,AnM9VaXqtxv8A-375VjVk61ktfU
4029,CT005RVCTXFCACT,36,CT005RVCTXFCACT,36,10,Jj5hUVlPtxv8Lk375WjVk61ktfU
4031,CT005RVCTXFCACT,37,CT005RVCTXFCACT,37,10,LH7EHqAytxv8XU375XjVk61ktfU
4033,CT005RVCTXFCACT,38,CT005RVCTXFCACT,38,10,-9ZPtIf5txv8r-375YjVk61ktfU
4035,CT005RVCTXFCACT,39,CT005RVCTXFCACT,39,10,0SNQ0EjYtxv90k375ZjVk61ktfU
4037,CT005RVCTXFCACT,40,CT005RVCTXFCACT,40,10,ro-nn0UHtxv9CU375ajVk61ktfU
4039,CT005RVCTXFCACT,41,CT005RVCTXFCACT,41,10,dT6Hq3FKtxv9O-375bjVk61ktfU
4041,CT005RVCTXFCACT,42,CT005RVCTXFCACT,42,10,wYbI1uqEtxv9hk375cjVk61ktfU
4043,CT005RVCTXFCACT,43,CT005RVCTXFCACT,43,10,01Qh3ZT8txv9tE375djVk61ktfU
4045,CT005RVCTXFCACT,44,CT005RVCTXFCACT,44,10,exAmpTkatxvA7-375ejVk61ktfU
4047,CT005RVCTXFCACT,45,CT005RVCTXFCACT,45,10,URTR0GVgtxvAMU375fjVk61ktfU
4049,CT005RVCTXFCACT,46,CT005RVCTXFCACT,46,10,-02TO/uetxvAcE375gjVk61ktfU
4051,CT005RVCTXFCACT,47,CT005RVCTXFCACT,47,10,vX6D0xgqtxvAo-375hjVk61ktfU
4053,CT005RVCTXFCACT,48,CT005RVCTXFCACT,48,10,RP9L-EkatxvB1U375ijVk61ktfU
4055,CT005RVCTXFCACT,49,CT005RVCTXFCACT,49,10,kif8GaMCtxvBak375jjVk61ktfU
4057,CT005RVCTXFCACT,50,CT005RVCTXFCACT,50,10,BIWpeDyYtxvBqE375kjVk61ktfU
4059,CT005RVCTXFCACT,51,CT005RVCTXFCACT,51,10,5xyjyDSZtxvC0-375ljVk61ktfU
4061,CT005RVCTXFCACT,52,CT005RVCTXFCACT,52,10,4SEA0DwEtxvCBk375mjVk61ktfU
4063,CT005RVCTXFCACT,53,CT005RVCTXFCACT,53,10,rn8v27GutxvCRU375njVk61ktfU
4065,CT005RVCTXFCACT,55,CT005RVCTXFCACT,55,10,kARXJTuutxvCh-375ojVk61ktfU
4067,CT005RVCTXFCACT,56,CT005RVCTXFCACT,56,10,dIKeYod5txvCwk375pjVk61ktfU
4069,CT005RVCTXFCACT,60,CT005RVCTXFCACT,60,10,aL8s9/AFtxvDAE375qjVk61ktfU
4071,CT005RVCTXFCACT,64,CT005RVCTXFCACT,64,10,w9WzHWUdtxvDfU375rjVk61ktfU
4073,CT005RVCTXFCACT,65,CT005RVCTXFCACT,65,10,xONpSrMQtxvDrE375sjVk61ktfU
4101,CT005RVCTXFCACT,66,CT005RVCTXFCACT,66,10,4KAsP-dIty8RbU375ujVk61ktfU
3701,CT005RVCTXFACT,01,CT005RVCTXFACT,01,"Hog
",sIQ3OJTCtxR20U373ijVk61ktfU
4103,CT005RVCTXFCACT,67,CT005RVCTXFCACT,67,10,hMAbu8OYty8RrE375vjVk61ktfU
4105,CT005RVCTXFCACT,70,CT005RVCTXFCACT,70,10,GimaKDVDty8S4k375wjVk61ktfU
4107,CT005RVCTXFCACT,71,CT005RVCTXFCACT,71,10,zpurXJxWty8SGU375xjVk61ktfU
4109,CT005RVCTXFCACT,72,CT005RVCTXFCACT,72,10,sg1RhIXmty8SSE375yjVk61ktfU
4111,CT005RVCTXFCACT,73,CT005RVCTXFCACT,73,10,Xtms6c7oty8Si-375zjVk61ktfU
4113,CT005RVCTXFCACT,74,CT005RVCTXFCACT,74,10,Ku392U4Mty8SxU376-jVk61ktfU
4115,CT005RVCTXFCACT,75,CT005RVCTXFCACT,75,10,40-n3GVbty8TJ-376/jVk61ktfU
4117,CT005RVCTXFCACT,76,CT005RVCTXFCACT,76,10,Md1f2ZjRty8TYU3760jVk61ktfU
4119,CT005RVCTXFCACT,77,CT005RVCTXFCACT,77,10,VEhs3ptIty8TkE3761jVk61ktfU
4121,CT005RVCTXFCACT,80,CT005RVCTXFCACT,80,10,tgt0O0Nvty8U--3762jVk61ktfU
4123,CT005RVCTXFCACT,81,CT005RVCTXFCACT,81,10,19qTTFyfty8UDU3763jVk61ktfU
4125,CT005RVCTXFCACT,82,CT005RVCTXFCACT,82,10,8RmIsO1hty8UPE3764jVk61ktfU
4127,CT005RVCTXFCACT,90,CT005RVCTXFCACT,90,10,DxSc7cI-ty8Ub-3765jVk61ktfU
4129,CT005RVCTXFCACT,91,CT005RVCTXFCACT,91,10,nrgYNAR5ty8Umk3766jVk61ktfU
4131,CT005RVCTXFCACT,92,CT005RVCTXFCACT,92,10,4HgNt9xVty8V0E3767jVk61ktfU
4133,CT005RVCTXFCACT,93,CT005RVCTXFCACT,93,10,vOm/-vTjty8VG-3768jVk61ktfU
4135,CT005RVCTXFCACT,94,CT005RVCTXFCACT,94,10,1UZJO8j9ty8VRk3769jVk61ktfU
4137,CT005RVCTXFCACT,95,CT005RVCTXFCACT,95,10,58wn0r0mty8VhE376AjVk61ktfU
4139,CT005RVCTXFCACT,96,CT005RVCTXFCACT,96,10,5O9uiLt4ty8Vt-376BjVk61ktfU
4141,CT005RVCTXFCACT,97,CT005RVCTXFCACT,97,10,VkR62FHEty8W6k376CjVk61ktfU
4143,CT005RVCTXFCACT,98,CT005RVCTXFCACT,98,10,sOUD60V5ty8WME376DjVk61ktfU
8101,CT005RVCTXCCT,CC,CT005RVCTXCCT,CC,2000000,CC
50801,CT012SXT2LISIMTD,CC,CT012SXT2LISIMTD,CC,1,554
50803,CT012SXT2LISIMTD,NIT,CT012SXT2LISIMTD,NIT,2,555
50805,CT012SXT2LISIMTD,CE,CT012SXT2LISIMTD,CE,4,556
50807,CT011SXT2LISIMEDO,1,CT011SXT2LISIMEDO,1,Rechazado,541
50809,CT011SXT2LISIMEDO,11,CT011SXT2LISIMEDO,11,Aprobado,551
50811,CT011SXT2LISIMEDO,2,CT011SXT2LISIMEDO,2,Rechazado,542
70801,CT005RVCTXFAGCIU,25214,CT005RVCTXFAGCIU,25214,001,706
70803,CT005RVCTXFAGCIU,25269,CT005RVCTXFAGCIU,25269,001,707
70805,CT005RVCTXFAGCIU,25286,CT005RVCTXFAGCIU,25286,001,708
70819,CT005RVCTXFAGCIU,25799,CT005RVCTXFAGCIU,25799,001,715
70821,CT005RVCTXFAGCIU,25817,CT005RVCTXFAGCIU,25817,001,716
70823,CT005RVCTXFAGCIU,25899,CT005RVCTXFAGCIU,25899,001,717
70825,CT005RVCTXFAGCIU,25815,CT005RVCTXFAGCIU,25815,001,718
70827,CT005RVCTXFAGCIU,25612,CT005RVCTXFAGCIU,25612,001,719
70837,CT015ACTFFTH,"FIBRA|HSI,IPTV,IPPBX,STB_ADD_3",CT015ACTFFTH,"FIBRA|HSI,IPTV,IPPBX,STB_ADD_3",F.O. (HSI/IPTV/IPPBX/STB_ADD_3)|Installation of triple play Service with two STB +3 aditional STB|MPPFTTH|120,704
70839,CT015ACTFFTH,"FIBRA|HSI,IPTV,IPPBX,STB_ADD_4",CT015ACTFFTH,"FIBRA|HSI,IPTV,IPPBX,STB_ADD_4",F.O. (HSI/IPTV/IPPBX/STB_ADD_4)|Installation of triple play Service with two STB +4 aditional STB|MPPFTTH|120,705
70841,CT015ACTFFTH,"FIBRA|HSI,IP_FIX,VOIP,IPTV,STB_ADD_1",CT015ACTFFTH,"FIBRA|HSI,IP_FIX,VOIP,IPTV,STB_ADD_1",F.O. (HSI/IP_FIX/VOIP/IPTV/STB_ADD_1)|Installation of triple play Service with fix IP and two STB + 1 aditional STB|MPPFTTH|120,724
70843,CT015ACTFFTH,"FIBRA|HSI,IP_FIX,VOIP,IPTV,STB_ADD_2",CT015ACTFFTH,"FIBRA|HSI,IP_FIX,VOIP,IPTV,STB_ADD_2",F.O. (HSI/IP_FIX/VOIP/IPTV/STB_ADD_2)|Installation of triple play Service with fix IP and two STB + 2 aditional STB|MPPFTTH|120,725
70845,CT015ACTFFTH,"FIBRA|HSI,IP_FIX,VOIP,IPTV,STB_ADD_3",CT015ACTFFTH,"FIBRA|HSI,IP_FIX,VOIP,IPTV,STB_ADD_3",F.O. (HSI/IP_FIX/VOIP/IPTV/STB_ADD_3)|Installation of triple play Service with fix IP and two STB + 3 aditional STB|MPPFTTH|120,726
70847,CT015ACTFFTH,"FIBRA|HSI,IP_FIX,VOIP,IPTV,STB_ADD_4",CT015ACTFFTH,"FIBRA|HSI,IP_FIX,VOIP,IPTV,STB_ADD_4",F.O. (HSI/IP_FIX/VOIP/IPTV/STB_ADD_4)|Installation of triple play Service with fix IP and two STB + 4 aditional STB|MPPFTTH|120,727
70849,CT015ACTFFTH,"FIBRA|HSI,IP_FIX,IPTV,IPPBX,STB_ADD_1",CT015ACTFFTH,"FIBRA|HSI,IP_FIX,IPTV,IPPBX,STB_ADD_1",F.O. (HSI/IP_FIX/IPTV/IPPBX/STB_ADD_1)|Installation of triple play Service with fix IP and two STB + 1 aditional STB|MPPFTTH|120,728
70851,CT015ACTFFTH,"FIBRA|HSI,IP_FIX,IPTV,IPPBX,STB_ADD_2",CT015ACTFFTH,"FIBRA|HSI,IP_FIX,IPTV,IPPBX,STB_ADD_2",F.O. (HSI/IP_FIX/IPTV/IPPBX/STB_ADD_2)|Installation of triple play Service with fix IP and two STB + 2 aditional STB|MPPFTTH|120,729
70853,CT015ACTFFTH,"FIBRA|HSI,IP_FIX,IPTV,IPPBX,STB_ADD_3",CT015ACTFFTH,"FIBRA|HSI,IP_FIX,IPTV,IPPBX,STB_ADD_3",F.O. (HSI/IP_FIX/IPTV/IPPBX/STB_ADD_3)|Installation of triple play Service with fix IP and two STB + 3 aditional STB|MPPFTTH|120,730
70855,CT015ACTFFTH,"FIBRA|HSI,IP_FIX,IPTV,IPPBX,STB_ADD_4",CT015ACTFFTH,"FIBRA|HSI,IP_FIX,IPTV,IPPBX,STB_ADD_4",F.O. (HSI/IP_FIX/IPTV/IPPBX/STB_ADD_4)|Installation of triple play Service with fix IP and two STB + 4 aditional STB|MPPFTTH|120,731
70857,CT015ACTFFTH,FIBRA|STB_ADD_1,CT015ACTFFTH,FIBRA|STB_ADD_1,F.O. (STB_ADD_1)|Installation of 1 aditional STB|MPPFTTH|60,732
70859,CT015ACTFFTH,FIBRA|STB_ADD_2,CT015ACTFFTH,FIBRA|STB_ADD_2,F.O. (STB_ADD_2)|Installation of 2 aditional STB|MPPFTTH|60,733
108773,CT016SCHORDIND,|VOIP-ADD|VOIP-ADD|,CT016SCHORDIND,|VOIP-ADD|VOIP-ADD|,SI|   =>   VOIPx2|NO,1636
108775,CT016SCHORDIND,|HSI-ADD|VOIP-ADD|VOIP-ADD|,CT016SCHORDIND,|HSI-ADD|VOIP-ADD|VOIP-ADD|,SI|   =>  IP VOIPx2|NO,1637
108777,CT016SCHORDIND,|HSI-ADD|IP_FIX-ADD|VOIP-ADD|VOIP-ADD|,CT016SCHORDIND,|HSI-ADD|IP_FIX-ADD|VOIP-ADD|VOIP-ADD|,SI|   => IP_FIX  VOIPx2|NO,1638
108779,CT016SCHORDIND,|VOIP-ADD|IPTV-ADD|VOIP-ADD|STB-ADD|,CT016SCHORDIND,|VOIP-ADD|IPTV-ADD|VOIP-ADD|STB-ADD|,SI|   =>IPTV   VOIPx2|NO,1639
108781,CT016SCHORDIND,|HSI-ADD|VOIP-ADD|IPTV-ADD|VOIP-ADD|STB-ADD|,CT016SCHORDIND,|HSI-ADD|VOIP-ADD|IPTV-ADD|VOIP-ADD|STB-ADD|,SI|   =>IPTV  IP VOIPx2|NO,1640
108783,CT016SCHORDIND,|HSI-ADD|IP_FIX-ADD|VOIP-ADD|IPTV-ADD|VOIP-ADD|STB-ADD|,CT016SCHORDIND,|HSI-ADD|IP_FIX-ADD|VOIP-ADD|IPTV-ADD|VOIP-ADD|STB-ADD|,SI|   =>IPTV IP_FIX  VOIPx2|NO,1641
108785,CT016SCHORDIND,|HSI-DELETE|VOIP-ADD|VOIP-ADD|,CT016SCHORDIND,|HSI-DELETE|VOIP-ADD|VOIP-ADD|,NO| |SI,1642
108787,CT016SCHORDIND,|HSI-UPDATE|VOIP-ADD|VOIP-ADD|,CT016SCHORDIND,|HSI-UPDATE|VOIP-ADD|VOIP-ADD|,NO| |NO,1643
108789,CT016SCHORDIND,|HSI-UPDATE|IP_FIX-ADD|VOIP-ADD|VOIP-ADD|,CT016SCHORDIND,|HSI-UPDATE|IP_FIX-ADD|VOIP-ADD|VOIP-ADD|,NO| |NO,1644
108867,CT016SCHORDIND,|HSI-UPDATE|IP-FIX-DELETE|VOIP-DELETE|IPTV-ADD|VOIP-UPDATE|STB-ADD|,CT016SCHORDIND,|HSI-UPDATE|IP-FIX-DELETE|VOIP-DELETE|IPTV-ADD|VOIP-UPDATE|STB-ADD|,SI|IP_FIX VOIPx2 => IPTV VOIP|SI,1683
108869,CT016SCHORDIND,|LB-ADD|,CT016SCHORDIND,|LB-ADD|,SI|   =>   VOIP|NO,1684
108871,CT016SCHORDIND,|XDSL-ADD|,CT016SCHORDIND,|XDSL-ADD|,SI|   =>  IP |NO,1685
108873,CT016SCHORDIND,|LB-ADD|XDSL-ADD|,CT016SCHORDIND,|LB-ADD|XDSL-ADD|,SI|   =>  IP VOIP|NO,1686
108875,CT016SCHORDIND,|XDSL-ADD|IP-ADD|,CT016SCHORDIND,|XDSL-ADD|IP-ADD|,SI|   => IP_FIX  |NO,1687
108877,CT016SCHORDIND,|LB-ADD|XDSL-ADD|IP-ADD|,CT016SCHORDIND,|LB-ADD|XDSL-ADD|IP-ADD|,SI|   => IP_FIX  VOIP|NO,1688
108879,CT016SCHORDIND,|IPTV-ADD|STB-ADD|,CT016SCHORDIND,|IPTV-ADD|STB-ADD|,SI|   =>IPTV   |NO,1689
108881,CT016SCHORDIND,|LB-ADD|IPTV-ADD|STB-ADD|,CT016SCHORDIND,|LB-ADD|IPTV-ADD|STB-ADD|,SI|   =>IPTV   VOIP|NO,1690
108883,CT016SCHORDIND,|XDSL-ADD|IPTV-ADD|STB-ADD|,CT016SCHORDIND,|XDSL-ADD|IPTV-ADD|STB-ADD|,SI|   =>IPTV  IP |NO,1691
108885,CT016SCHORDIND,|LB-ADD|XDSL-ADD|IPTV-ADD|STB-ADD|,CT016SCHORDIND,|LB-ADD|XDSL-ADD|IPTV-ADD|STB-ADD|,SI|   =>IPTV  IP VOIP|NO,1692
108887,CT016SCHORDIND,|XDSL-ADD|IP-ADD|IPTV-ADD|STB-ADD|,CT016SCHORDIND,|XDSL-ADD|IP-ADD|IPTV-ADD|STB-ADD|,SI|   =>IPTV IP_FIX  |NO,1693
108889,CT016SCHORDIND,|LB-ADD|XDSL-ADD|IP-ADD|IPTV-ADD|STB-ADD|,CT016SCHORDIND,|LB-ADD|XDSL-ADD|IP-ADD|IPTV-ADD|STB-ADD|,SI|   =>IPTV IP_FIX  VOIP|NO,1694
108891,CT016SCHORDIND,|LB-DELETE|,CT016SCHORDIND,|LB-DELETE|,NO| |NO,1695
108893,CT016SCHORDIND,|LB-DELETE|XDSL-ADD|,CT016SCHORDIND,|LB-DELETE|XDSL-ADD|,SI|   VOIP=>  IP |NO,1696
108895,CT016SCHORDIND,|LB-UPDATE|XDSL-ADD|,CT016SCHORDIND,|LB-UPDATE|XDSL-ADD|,SI|   VOIP=>  IP VOIP|NO,1697
108897,CT016SCHORDIND,|LB-DELETE|XDSL-ADD|IP-ADD|,CT016SCHORDIND,|LB-DELETE|XDSL-ADD|IP-ADD|,SI|   VOIP=> IP_FIX  |NO,1698
108899,CT016SCHORDIND,|LB-UPDATE|XDSL-ADD|IP-ADD|,CT016SCHORDIND,|LB-UPDATE|XDSL-ADD|IP-ADD|,SI|   VOIP=> IP_FIX  VOIP|NO,1699
108901,CT016SCHORDIND,|LB-DELETE|IP-ADD|IPTV-ADD|STB-ADD|,CT016SCHORDIND,|LB-DELETE|IP-ADD|IPTV-ADD|STB-ADD|,SI|   VOIP=>IPTV   |NO,1700
108903,CT016SCHORDIND,|LB-UPDATE|IPTV-ADD|STB-ADD|,CT016SCHORDIND,|LB-UPDATE|IPTV-ADD|STB-ADD|,SI|   VOIP=>IPTV   VOIP|NO,1701
108905,CT016SCHORDIND,|LB-DELETE|XDSL-ADD|IPTV-ADD|STB-ADD|,CT016SCHORDIND,|LB-DELETE|XDSL-ADD|IPTV-ADD|STB-ADD|,SI|   VOIP=>IPTV  IP |NO,1702
108907,CT016SCHORDIND,|LB-UPDATE|XDSL-ADD|IPTV-ADD|STB-ADD|,CT016SCHORDIND,|LB-UPDATE|XDSL-ADD|IPTV-ADD|STB-ADD|,SI|   VOIP=>IPTV  IP VOIP|NO,1703
108909,CT016SCHORDIND,|LB-DELETE|XDSL-ADD|IP-ADD|IPTV-ADD|STB-ADD|,CT016SCHORDIND,|LB-DELETE|XDSL-ADD|IP-ADD|IPTV-ADD|STB-ADD|,SI|   VOIP=>IPTV IP_FIX  |NO,1704
108911,CT016SCHORDIND,|LB-UPDATE|XDSL-ADD|IP-ADD|IPTV-ADD|STB-ADD|,CT016SCHORDIND,|LB-UPDATE|XDSL-ADD|IP-ADD|IPTV-ADD|STB-ADD|,SI|   VOIP=>IPTV IP_FIX  VOIP|NO,1705
108913,CT016SCHORDIND,|XDSL-DELETE|,CT016SCHORDIND,|XDSL-DELETE|,NO| |SI,1706
108915,CT016SCHORDIND,|LB-ADD|XDSL-DELETE|,CT016SCHORDIND,|LB-ADD|XDSL-DELETE|,NO| |SI,1707
108917,CT016SCHORDIND,|LB-ADD|XDSL-UPDATE|,CT016SCHORDIND,|LB-ADD|XDSL-UPDATE|,NO| |NO,1708
108919,CT016SCHORDIND,|XDSL-UPDATE|IP-ADD|,CT016SCHORDIND,|XDSL-UPDATE|IP-ADD|,SI|  IP => IP_FIX  |NO,1709
108921,CT016SCHORDIND,|LB-ADD|XDSL-UPDATE|IP-ADD|,CT016SCHORDIND,|LB-ADD|XDSL-UPDATE|IP-ADD|,SI|  IP => IP_FIX  VOIP|NO,1710
108923,CT016SCHORDIND,|XDSL-DELETE|IPTV-ADD|STB-ADD|,CT016SCHORDIND,|XDSL-DELETE|IPTV-ADD|STB-ADD|,SI|  IP =>IPTV   |NO,1711
108925,CT016SCHORDIND,|LB-ADD|XDSL-DELETE|IP-DELETE|IPTV-ADD|STB-ADD|,CT016SCHORDIND,|LB-ADD|XDSL-DELETE|IP-DELETE|IPTV-ADD|STB-ADD|,SI|  IP =>IPTV   VOIP|NO,1712
108927,CT016SCHORDIND,|HSI|IPTV-ADD|STB-ADD|,CT016SCHORDIND,|HSI|IPTV-ADD|STB-ADD|,SI|  IP =>IPTV  IP |NO,1713
108929,CT016SCHORDIND,|LB-ADD|XDSL-UPDATE|IPTV-ADD|STB-ADD|,CT016SCHORDIND,|LB-ADD|XDSL-UPDATE|IPTV-ADD|STB-ADD|,SI|  IP =>IPTV  IP VOIP|NO,1714
108931,CT016SCHORDIND,|XDSL-UPDATE|IP-ADD|IPTV-ADD|STB-ADD|,CT016SCHORDIND,|XDSL-UPDATE|IP-ADD|IPTV-ADD|STB-ADD|,SI|  IP =>IPTV IP_FIX  |NO,1715
108933,CT016SCHORDIND,|LB-ADD|XDSL-UPDATE|IP-ADD|IPTV-ADD|STB-ADD|,CT016SCHORDIND,|LB-ADD|XDSL-UPDATE|IP-ADD|IPTV-ADD|STB-ADD|,SI|  IP =>IPTV IP_FIX  VOIP|NO,1716
108935,CT016SCHORDIND,|LB-DELETE|XDSL-DELETE|,CT016SCHORDIND,|LB-DELETE|XDSL-DELETE|,NO| |SI,1717
108937,CT016SCHORDIND,|LB-UPDATE|XDSL-DELETE|,CT016SCHORDIND,|LB-UPDATE|XDSL-DELETE|,NO| |SI,1718
108939,CT016SCHORDIND,|LB-DELETE|XDSL-UPDATE|,CT016SCHORDIND,|LB-DELETE|XDSL-UPDATE|,NO| |NO,1719
108941,CT016SCHORDIND,|LB-DELETE|XDSL-UPDATE|IP-ADD|,CT016SCHORDIND,|LB-DELETE|XDSL-UPDATE|IP-ADD|,SI|  IP VOIP=> IP_FIX  |NO,1720
108943,CT016SCHORDIND,|LB-UPDATE|XDSL-UPDATE|IP-ADD|,CT016SCHORDIND,|LB-UPDATE|XDSL-UPDATE|IP-ADD|,SI|  IP VOIP=> IP_FIX  VOIP|NO,1721
108945,CT016SCHORDIND,|LB-DELETE|XDSL-DELETE|IPTV-ADD|STB-ADD|,CT016SCHORDIND,|LB-DELETE|XDSL-DELETE|IPTV-ADD|STB-ADD|,SI|  IP VOIP=>IPTV   |NO,1722
108947,CT016SCHORDIND,|LB-UPDATE|XDSL-DELETE|IPTV-ADD|STB-ADD|,CT016SCHORDIND,|LB-UPDATE|XDSL-DELETE|IPTV-ADD|STB-ADD|,SI|  IP VOIP=>IPTV   VOIP|NO,1723
42613,CT010SBLTX2SHRBAG,1,CT010SBLTX2SHRBAG,1,100,540
70861,CT015ACTFFTH,FIBRA|STB_ADD_3,CT015ACTFFTH,FIBRA|STB_ADD_3,F.O. (STB_ADD_3)|Installation of 3 aditional STB|MPPFTTH|60,734
70863,CT015ACTFFTH,FIBRA|STB_ADD_4,CT015ACTFFTH,FIBRA|STB_ADD_4,F.O. (STB_ADD_4)|Installation of 4 aditional STB|MPPFTTH|60,735
70865,CT015ACTFFTH,"FIBRA|HSI,IP_FIX,VOIP",CT015ACTFFTH,"FIBRA|HSI,IP_FIX,VOIP",F.O. (HSI/IP_FIX/VOIP)| Installation of duo play service with fix IP|MPPFTTH|120,736
70867,CT015ACTFFTH,"FIBRA|HSI,IP_FIX,IPPBX",CT015ACTFFTH,"FIBRA|HSI,IP_FIX,IPPBX",F.O. (HSI/IP_FIX/IPPBX)| Installation of IPPBX service with fix IP|MPPFTTH|120,737
70869,CT015ACTFFTH,"FTTC|HSI,VOIP,LB,XDSL,IP",CT015ACTFFTH,"FTTC|HSI,VOIP,LB,XDSL,IP",FTTC (HSI/VOIP/LB/XDSL/IP)|Technology Change|MPPFTTC|120,738
70871,CT015ACTFFTH,"FTTC|HSI,VOIP,LB,XDSL,IP,PBX",CT015ACTFFTH,"FTTC|HSI,VOIP,LB,XDSL,IP,PBX",FTTC (HSI/VOIP/LB/XDSL/IP/PBX)|Technology Change with Analog PBX|MPPFTTC|240,739
70873,CT015ACTFFTH,"FTTC|HSI,VOIP,LB,XDSL",CT015ACTFFTH,"FTTC|HSI,VOIP,LB,XDSL",FTTC (HSI/VOIP/LB/XDSL/IP)|Technology Change|MPPFTTC|120,740
71025,CT015ACTFFTH,"FIBRA|HSI,IP_FIX,VOIP,LB,XDSL,IP",CT015ACTFFTH,"FIBRA|HSI,IP_FIX,VOIP,LB,XDSL,IP",F.O. (HSI/IP_FIX/VOIP/LB/XDSL/IP) |Technology change with IPoA |MPPFTTH_POS|240,766
71027,CT015ACTFFTH,FTTC|LB,CT015ACTFFTH,FTTC|LB,FTTC (LB)|Actuacion Cobre|ESPFTTC|60,767
71029,CT015ACTFFTH,FTTC|XDSL,CT015ACTFFTH,FTTC|XDSL,FTTC (XDSL)|Actuacion Cobre|MPPFTTC|60,768
71031,CT015ACTFFTH,"FIBRA|HSI,IP_FIX,VOIP,IPPBX",CT015ACTFFTH,"FIBRA|HSI,IP_FIX,VOIP,IPPBX",F.O. (HSI/IP_FIX/VOIP/IPPBX)|Upgrade or Downgrade VoIP from to IPPBX on duo play Services|MPPFTTH_POS|240,769
71033,CT015ACTFFTH,"FIBRA|HSI,IP_FIX,VOIP,IPTV,IPPBX,STB_ADD_1",CT015ACTFFTH,"FIBRA|HSI,IP_FIX,VOIP,IPTV,IPPBX,STB_ADD_1",F.O. (HSI/IP_FIX/VOIP/IPTV/IPPBX)|Upgrade or Downgrade VoIP from to IPPBX on trio play Services with 1 additional STB|MPPFTTH_POS|240,770
71035,CT015ACTFFTH,"FIBRA|HSI,IP_FIX,VOIP,IPTV,IPPBX,STB_ADD_2",CT015ACTFFTH,"FIBRA|HSI,IP_FIX,VOIP,IPTV,IPPBX,STB_ADD_2",F.O. (HSI/IP_FIX/VOIP/IPTV/IPPBX)|Upgrade or Downgrade VoIP from to IPPBX on trio play Services with 2 additional STB|MPPFTTH_POS|240,771
71037,CT015ACTFFTH,"FIBRA|HSI,IP_FIX,VOIP,IPTV,IPPBX,STB_ADD_3",CT015ACTFFTH,"FIBRA|HSI,IP_FIX,VOIP,IPTV,IPPBX,STB_ADD_3",F.O. (HSI/IP_FIX/VOIP/IPTV/IPPBX)|Upgrade or Downgrade VoIP from to IPPBX on trio play Services with 3 additional STB|MPPFTTH_POS|240,772
82701,CT016SBLXT2UPPRSTCCLRSN,PUERTO CRUZADO EN MSAN,CT016SBLXT2UPPRSTCCLRSN,PUERTO CRUZADO EN MSAN,PUERTO CRUZADO EN MSAN,6901
84600,CT005RVCTXFAGCIU,25754,CT005RVCTXFAGCIU,25754,001,830
108961,CT016SCHORDIND,|LB-ADD|XDSL-UPDATE|IP--|,CT016SCHORDIND,|LB-ADD|XDSL-UPDATE|IP--|,NO| |NO,1730
108963,CT016SCHORDIND,|XDSL-DELETE|IP-DELETE|IPTV-ADD|STB-ADD|,CT016SCHORDIND,|XDSL-DELETE|IP-DELETE|IPTV-ADD|STB-ADD|,SI| IP_FIX  =>IPTV   |NO,1731
108965,CT016SCHORDIND,|XDSL-ADD|IP-DELETE|IPTV-ADD|STB-ADD|,CT016SCHORDIND,|XDSL-ADD|IP-DELETE|IPTV-ADD|STB-ADD|,SI| IP_FIX  =>IPTV  IP |NO,1732
108967,CT016SCHORDIND,|LB-ADD|XDSL-UPDATE|IP-DELETE|IPTV-ADD|STB-ADD|,CT016SCHORDIND,|LB-ADD|XDSL-UPDATE|IP-DELETE|IPTV-ADD|STB-ADD|,SI| IP_FIX  =>IPTV  IP VOIP|NO,1733
108969,CT016SCHORDIND,|XDSL-UPDATE|IP--|IPTV-ADD|STB-ADD|,CT016SCHORDIND,|XDSL-UPDATE|IP--|IPTV-ADD|STB-ADD|,SI| IP_FIX  =>IPTV IP_FIX  |NO,1734
108971,CT016SCHORDIND,|LB-ADD|XDSL-UPDATE|IP--|IPTV-ADD|STB-ADD|,CT016SCHORDIND,|LB-ADD|XDSL-UPDATE|IP--|IPTV-ADD|STB-ADD|,SI| IP_FIX  =>IPTV IP_FIX  VOIP|NO,1735
108973,CT016SCHORDIND,|LB-DELETE|XDSL-DELETE|IP-DELETE|,CT016SCHORDIND,|LB-DELETE|XDSL-DELETE|IP-DELETE|,NO| |SI,1736
108975,CT016SCHORDIND,|LB-UPDATE|XDSL-DELETE|IP-DELETE|,CT016SCHORDIND,|LB-UPDATE|XDSL-DELETE|IP-DELETE|,NO| |SI,1737
108977,CT016SCHORDIND,|LB-DELETE|XDSL-UPDATE|IP-DELETE|,CT016SCHORDIND,|LB-DELETE|XDSL-UPDATE|IP-DELETE|,NO| |NO,1738
108979,CT016SCHORDIND,|LB-UPDATE|XDSL-UPDATE|IP-DELETE|,CT016SCHORDIND,|LB-UPDATE|XDSL-UPDATE|IP-DELETE|,NO| |NO,1739
108981,CT016SCHORDIND,|LB-DELETE|XDSL-UPDATE|IP--|,CT016SCHORDIND,|LB-DELETE|XDSL-UPDATE|IP--|,NO| |NO,1740
108983,CT016SCHORDIND,|LB-DELETE|XDSL-DELETE|IP-DELETE|IPTV-ADD|STB-ADD|,CT016SCHORDIND,|LB-DELETE|XDSL-DELETE|IP-DELETE|IPTV-ADD|STB-ADD|,SI| IP_FIX  VOIP=>IPTV   |NO,1741
108985,CT016SCHORDIND,|LB-UPDATE|XDSL-DELETE|IP-DELETE|IPTV-ADD|STB-ADD|,CT016SCHORDIND,|LB-UPDATE|XDSL-DELETE|IP-DELETE|IPTV-ADD|STB-ADD|,SI| IP_FIX  VOIP=>IPTV   VOIP|NO,1742
109021,CT016SCHORDIND,|LB-DELETE|XDSL-ADD|IPTV-DELETE|STB-DELETE|,CT016SCHORDIND,|LB-DELETE|XDSL-ADD|IPTV-DELETE|STB-DELETE|,NO| |SI,1760
109023,CT016SCHORDIND,|LB-UPDATE|XDSL-ADD|IPTV-DELETE|STB-DELETE|,CT016SCHORDIND,|LB-UPDATE|XDSL-ADD|IPTV-DELETE|STB-DELETE|,NO| |SI,1761
109025,CT016SCHORDIND,|LB-DELETE|XDSL-ADD|IP-ADD|IPTV-DELETE|STB-DELETE|,CT016SCHORDIND,|LB-DELETE|XDSL-ADD|IP-ADD|IPTV-DELETE|STB-DELETE|,SI|IPTV   VOIP=> IP_FIX  |SI,1762
109027,CT016SCHORDIND,|LB-UPDATE|XDSL-ADD|IP-ADD|IPTV-DELETE|STB-DELETE|,CT016SCHORDIND,|LB-UPDATE|XDSL-ADD|IP-ADD|IPTV-DELETE|STB-DELETE|,SI|IPTV   VOIP=> IP_FIX  VOIP|SI,1763
109029,CT016SCHORDIND,|LB-DELETE|IPTV-UPDATE|STB--|,CT016SCHORDIND,|LB-DELETE|IPTV-UPDATE|STB--|,NO| |NO,1764
109031,CT016SCHORDIND,|LB-DELETE|XDSL-ADD|IPTV-UPDATE|STB--|,CT016SCHORDIND,|LB-DELETE|XDSL-ADD|IPTV-UPDATE|STB--|,NO| |NO,1765
109033,CT016SCHORDIND,|LB-UPDATE|XDSL-ADD|IPTV-UPDATE|STB--|,CT016SCHORDIND,|LB-UPDATE|XDSL-ADD|IPTV-UPDATE|STB--|,NO| |NO,1766
109035,CT016SCHORDIND,|LB-DELETE|XDSL-ADD|IP-ADD|IPTV-UPDATE|STB--|,CT016SCHORDIND,|LB-DELETE|XDSL-ADD|IP-ADD|IPTV-UPDATE|STB--|,SI|IPTV   VOIP=>IPTV IP_FIX  |NO,1767
109037,CT016SCHORDIND,|LB-UPDATE|XDSL-ADD|IP-ADD|IPTV-UPDATE|STB--|,CT016SCHORDIND,|LB-UPDATE|XDSL-ADD|IP-ADD|IPTV-UPDATE|STB--|,SI|IPTV   VOIP=>IPTV IP_FIX  VOIP|NO,1768
109039,CT016SCHORDIND,|XDSL-DELETE|IPTV-DELETE|STB-DELETE|,CT016SCHORDIND,|XDSL-DELETE|IPTV-DELETE|STB-DELETE|,NO| |SI,1769
109041,CT016SCHORDIND,|LB-ADD|XDSL-DELETE|IPTV-DELETE|STB-DELETE|,CT016SCHORDIND,|LB-ADD|XDSL-DELETE|IPTV-DELETE|STB-DELETE|,NO| |SI,1770
109043,CT016SCHORDIND,|XDSL-UPDATE|IPTV-DELETE|STB-DELETE|,CT016SCHORDIND,|XDSL-UPDATE|IPTV-DELETE|STB-DELETE|,NO| |SI,1771
109045,CT016SCHORDIND,|LB-ADD|XDSL-UPDATE|IPTV-DELETE|STB-DELETE|,CT016SCHORDIND,|LB-ADD|XDSL-UPDATE|IPTV-DELETE|STB-DELETE|,NO| |SI,1772
109047,CT016SCHORDIND,|XDSL-UPDATE|IP-ADD|IPTV-DELETE|STB-DELETE|,CT016SCHORDIND,|XDSL-UPDATE|IP-ADD|IPTV-DELETE|STB-DELETE|,SI|IPTV  IP => IP_FIX  |SI,1773
109049,CT016SCHORDIND,|LB-ADD|XDSL-UPDATE|IP-ADD|IPTV-DELETE|STB-DELETE|,CT016SCHORDIND,|LB-ADD|XDSL-UPDATE|IP-ADD|IPTV-DELETE|STB-DELETE|,SI|IPTV  IP => IP_FIX  VOIP|SI,1774
109051,CT016SCHORDIND,|XDSL-DELETE|IPTV-UPDATE|STB--|,CT016SCHORDIND,|XDSL-DELETE|IPTV-UPDATE|STB--|,NO| |NO,1775
109053,CT016SCHORDIND,|LB-ADD|XDSL-DELETE|IPTV-UPDATE|STB--|,CT016SCHORDIND,|LB-ADD|XDSL-DELETE|IPTV-UPDATE|STB--|,NO| |NO,1776
109055,CT016SCHORDIND,|LB-ADD|XDSL-UPDATE|IPTV-UPDATE|STB--|,CT016SCHORDIND,|LB-ADD|XDSL-UPDATE|IPTV-UPDATE|STB--|,NO| |NO,1777
109057,CT016SCHORDIND,|XDSL-UPDATE|IP-ADD|IPTV-UPDATE|STB--|,CT016SCHORDIND,|XDSL-UPDATE|IP-ADD|IPTV-UPDATE|STB--|,SI|IPTV  IP =>IPTV IP_FIX  |NO,1778
109059,CT016SCHORDIND,|LB-ADD|XDSL-UPDATE|IP-ADD|IPTV-UPDATE|STB--|,CT016SCHORDIND,|LB-ADD|XDSL-UPDATE|IP-ADD|IPTV-UPDATE|STB--|,SI|IPTV  IP =>IPTV IP_FIX  VOIP|NO,1779
109061,CT016SCHORDIND,|LB-DELETE|XDSL-DELETE|IPTV-DELETE|STB-DELETE|,CT016SCHORDIND,|LB-DELETE|XDSL-DELETE|IPTV-DELETE|STB-DELETE|,NO| |SI,1780
109063,CT016SCHORDIND,|LB-UPDATE|XDSL-DELETE|IPTV-DELETE|STB-DELETE|,CT016SCHORDIND,|LB-UPDATE|XDSL-DELETE|IPTV-DELETE|STB-DELETE|,NO| |SI,1781
109065,CT016SCHORDIND,|LB-DELETE|XDSL-UPDATE|IPTV-DELETE|STB-DELETE|,CT016SCHORDIND,|LB-DELETE|XDSL-UPDATE|IPTV-DELETE|STB-DELETE|,NO| |SI,1782
109067,CT016SCHORDIND,|LB-UPDATE|XDSL-UPDATE|IPTV-DELETE|STB-DELETE|,CT016SCHORDIND,|LB-UPDATE|XDSL-UPDATE|IPTV-DELETE|STB-DELETE|,NO| |SI,1783
109069,CT016SCHORDIND,|LB-DELETE|XDSL-UPDATE|IP-ADD|IPTV-DELETE|STB-DELETE|,CT016SCHORDIND,|LB-DELETE|XDSL-UPDATE|IP-ADD|IPTV-DELETE|STB-DELETE|,SI|IPTV  IP VOIP=> IP_FIX  |SI,1784
109071,CT016SCHORDIND,|LB-UPDATE|XDSL-UPDATE|IP-ADD|IPTV-DELETE|STB-DELETE|,CT016SCHORDIND,|LB-UPDATE|XDSL-UPDATE|IP-ADD|IPTV-DELETE|STB-DELETE|,SI|IPTV  IP VOIP=> IP_FIX  VOIP|SI,1785
109073,CT016SCHORDIND,|LB-DELETE|XDSL-DELETE|IPTV-UPDATE|STB--|,CT016SCHORDIND,|LB-DELETE|XDSL-DELETE|IPTV-UPDATE|STB--|,NO| |NO,1786
109075,CT016SCHORDIND,|LB-UPDATE|XDSL-DELETE|IPTV-UPDATE|STB--|,CT016SCHORDIND,|LB-UPDATE|XDSL-DELETE|IPTV-UPDATE|STB--|,NO| |NO,1787
109077,CT016SCHORDIND,|LB-DELETE|XDSL-UPDATE|IPTV-UPDATE|STB--|,CT016SCHORDIND,|LB-DELETE|XDSL-UPDATE|IPTV-UPDATE|STB--|,NO| |NO,1788
109079,CT016SCHORDIND,|LB-DELETE|XDSL-UPDATE|IP-ADD|IPTV-UPDATE|STB--|,CT016SCHORDIND,|LB-DELETE|XDSL-UPDATE|IP-ADD|IPTV-UPDATE|STB--|,SI|IPTV  IP VOIP=>IPTV IP_FIX  |NO,1789
109081,CT016SCHORDIND,|LB-UPDATE|XDSL-UPDATE|IP-ADD|IPTV-UPDATE|STB--|,CT016SCHORDIND,|LB-UPDATE|XDSL-UPDATE|IP-ADD|IPTV-UPDATE|STB--|,SI|IPTV  IP VOIP=>IPTV IP_FIX  VOIP|NO,1790
109083,CT016SCHORDIND,|XDSL-UPDATE|IP-DELETE|IPTV-DELETE|STB-DELETE|,CT016SCHORDIND,|XDSL-UPDATE|IP-DELETE|IPTV-DELETE|STB-DELETE|,NO| |SI,1791
109085,CT016SCHORDIND,|LB-ADD|XDSL-UPDATE|IP-DELETE|IPTV-DELETE|STB-DELETE|,CT016SCHORDIND,|LB-ADD|XDSL-UPDATE|IP-DELETE|IPTV-DELETE|STB-DELETE|,NO| |SI,1792
109087,CT016SCHORDIND,|XDSL-UPDATE|IP--|IPTV-DELETE|STB-DELETE|,CT016SCHORDIND,|XDSL-UPDATE|IP--|IPTV-DELETE|STB-DELETE|,NO| |SI,1793
109089,CT016SCHORDIND,|LB-ADD|XDSL-UPDATE|IP--|IPTV-DELETE|STB-DELETE|,CT016SCHORDIND,|LB-ADD|XDSL-UPDATE|IP--|IPTV-DELETE|STB-DELETE|,NO| |SI,1794
109091,CT016SCHORDIND,|XDSL-DELETE|IP-DELETE|IPTV-UPDATE|STB--|,CT016SCHORDIND,|XDSL-DELETE|IP-DELETE|IPTV-UPDATE|STB--|,NO| |NO,1795
109093,CT016SCHORDIND,|LB-ADD|XDSL-DELETE|IP-DELETE|IPTV-UPDATE|STB--|,CT016SCHORDIND,|LB-ADD|XDSL-DELETE|IP-DELETE|IPTV-UPDATE|STB--|,NO| |NO,1796
109095,CT016SCHORDIND,|XDSL-UPDATE|IP-DELETE|IPTV-UPDATE|STB--|,CT016SCHORDIND,|XDSL-UPDATE|IP-DELETE|IPTV-UPDATE|STB--|,NO| |NO,1797
109097,CT016SCHORDIND,|LB-ADD|XDSL-UPDATE|IP-DELETE|IPTV-UPDATE|STB--|,CT016SCHORDIND,|LB-ADD|XDSL-UPDATE|IP-DELETE|IPTV-UPDATE|STB--|,NO| |NO,1798
109099,CT016SCHORDIND,|LB-ADD|XDSL-UPDATE|IP--|IPTV-UPDATE|STB--|,CT016SCHORDIND,|LB-ADD|XDSL-UPDATE|IP--|IPTV-UPDATE|STB--|,NO| |NO,1799
114601,CT016SCHORDIND,|LB-DELETE|XDSL-DELETE|IP-DELETE|IPTV-DELETE|STB-DELETE|,CT016SCHORDIND,|LB-DELETE|XDSL-DELETE|IP-DELETE|IPTV-DELETE|STB-DELETE|,NO| |SI,1800
114603,CT016SCHORDIND,|LB-UPDATE|XDSL-DELETE|IP-DELETE|IPTV-DELETE|STB-DELETE|,CT016SCHORDIND,|LB-UPDATE|XDSL-DELETE|IP-DELETE|IPTV-DELETE|STB-DELETE|,NO| |SI,1801
114605,CT016SCHORDIND,|LB-DELETE|XDSL-UPDATE|IP-DELETE|IPTV-DELETE|STB-DELETE|,CT016SCHORDIND,|LB-DELETE|XDSL-UPDATE|IP-DELETE|IPTV-DELETE|STB-DELETE|,NO| |SI,1802
114607,CT016SCHORDIND,|LB-UPDATE|XDSL-UPDATE|IP-DELETE|IPTV-DELETE|STB-DELETE|,CT016SCHORDIND,|LB-UPDATE|XDSL-UPDATE|IP-DELETE|IPTV-DELETE|STB-DELETE|,NO| |SI,1803
114609,CT016SCHORDIND,|LB-DELETE|XDSL-UPDATE|IP--|IPTV-DELETE|STB-DELETE|,CT016SCHORDIND,|LB-DELETE|XDSL-UPDATE|IP--|IPTV-DELETE|STB-DELETE|,NO| |SI,1804
114611,CT016SCHORDIND,|LB-UPDATE|XDSL-UPDATE|IP--|IPTV-DELETE|STB-DELETE|,CT016SCHORDIND,|LB-UPDATE|XDSL-UPDATE|IP--|IPTV-DELETE|STB-DELETE|,NO| |SI,1805
114613,CT016SCHORDIND,|LB-DELETE|XDSL-DELETE|IP-DELETE|IPTV-UPDATE|STB--|,CT016SCHORDIND,|LB-DELETE|XDSL-DELETE|IP-DELETE|IPTV-UPDATE|STB--|,NO| |NO,1806
114615,CT016SCHORDIND,|LB-UPDATE|XDSL-DELETE|IP-DELETE|IPTV-UPDATE|STB--|,CT016SCHORDIND,|LB-UPDATE|XDSL-DELETE|IP-DELETE|IPTV-UPDATE|STB--|,NO| |NO,1807
36301,CT006RMCABPCABP,JURIDICO,CT006RMCABPCABP,JURIDICO,0003,532
36303,CT006RMCABPCAKT,JURIDICO,CT006RMCABPCAKT,JURIDICO,0022,533
56721,CT006RMCACARECLAM,GobiernoNacional|Pequenas,CT006RMCACARECLAM,GobiernoNacional|Pequenas,0006,571
64701,CT005RVCTXFAGCIU,25175,CT005RVCTXFAGCIU,25175,001,702
73013,CT018REGNEG,otras,CT018REGNEG,otras,2,794
114617,CT016SCHORDIND,|LB-DELETE|XDSL-UPDATE|IP-DELETE|IPTV-UPDATE|STB--|,CT016SCHORDIND,|LB-DELETE|XDSL-UPDATE|IP-DELETE|IPTV-UPDATE|STB--|,NO| |NO,1808
114619,CT016SCHORDIND,|LB-UPDATE|XDSL-UPDATE|IP-DELETE|IPTV-UPDATE|STB--|,CT016SCHORDIND,|LB-UPDATE|XDSL-UPDATE|IP-DELETE|IPTV-UPDATE|STB--|,NO| |NO,1809
114621,CT016SCHORDIND,|LB-DELETE|XDSL-UPDATE|IP--|IPTV-UPDATE|STB--|,CT016SCHORDIND,|LB-DELETE|XDSL-UPDATE|IP--|IPTV-UPDATE|STB--|,NO| |NO,1810
114623,CT016SCHORDIND,|HSI-ADD|,CT016SCHORDIND,|HSI-ADD|,SI|=>HSI|NO,1811
114626,CT016SCHORDIND,|HSI-DELETE|IPTV-ADD|STB-ADD|,CT016SCHORDIND,|HSI-DELETE|IPTV-ADD|STB-ADD|,SI|  IP =>IPTV |SI,1812
114628,CT016SCHORDIND,|IPTV-ADD|LB-ADD|XDSL-ADD|STB-ADD|,CT016SCHORDIND,|IPTV-ADD|LB-ADD|XDSL-ADD|STB-ADD|,SI|  =>IP LB IPTV |NO,1813
114630,CT016SCHORDIND,IPTV-DELETE|LB-ADD|XDSL-ADD|STB-DELETE,CT016SCHORDIND,IPTV-DELETE|LB-ADD|XDSL-ADD|STB-DELETE,SI|  IPTV =>IP LB |SI,1814
114632,CT016SCHORDIND,|IPTV-ADD|XDSL-DELETE|STB-ADD|,CT016SCHORDIND,|IPTV-ADD|XDSL-DELETE|STB-ADD|,SI|  IP =>  IPTV  |NO,1815
114634,CT016SCHORDIND,|IPTV-ADD|LB-DELETE|STB-ADD|,CT016SCHORDIND,|IPTV-ADD|LB-DELETE|STB-ADD|,SI|  LB  =>  IPTV  |NO,1816
114636,CT016SCHORDIND,|IPTV-UPDATE|LB-DELETE|XDSL-DELETE|STB--|,CT016SCHORDIND,|IPTV-UPDATE|LB-DELETE|XDSL-DELETE|STB--|,NO|  LB  =>  IPTV  |NO,1817
114638,CT016SCHORDIND,|IPTV-DELETE|LB-DELETE|XDSL-UPDATE|STB-DELETE|,CT016SCHORDIND,|IPTV-DELETE|LB-DELETE|XDSL-UPDATE|STB-DELETE|,NO|  LB IPTV IP =>  IP  |SI,1818
114642,CT016SCHORDIND,|HSI-UPDATE|VOIP-UPDATE|IPTV-ADD|STB-ADD|,CT016SCHORDIND,|HSI-UPDATE|VOIP-UPDATE|IPTV-ADD|STB-ADD|,SI| IP VOIP => IP VOIP IPTV |NO,1819
114644,CT016SCHORDIND,|IPTV-ADD|LB-UPDATE|XDSL-UPDATE|STB-ADD|,CT016SCHORDIND,|IPTV-ADD|LB-UPDATE|XDSL-UPDATE|STB-ADD|,SI| LB IP => LB IP IPTV |NO,1820
114646,CT016SCHORDIND,|HSI-ADD|VOIP-UPDATE|,CT016SCHORDIND,|HSI-ADD|VOIP-UPDATE|,SI|VOIP => IP VOIP|NO,1821
114648,CT016SCHORDIND,|VOIP-DELETE|IPTV-ADD|STB-ADD|,CT016SCHORDIND,|VOIP-DELETE|IPTV-ADD|STB-ADD|,SI| LB => LB IP IPTV |SI,1822
114650,CT016SCHORDIND,|HSI-UPDATE|IP_FIX--|IPTV-DELETE|IPPBX-UPDATE|STB-DELETE|,CT016SCHORDIND,|HSI-UPDATE|IP_FIX--|IPTV-DELETE|IPPBX-UPDATE|STB-DELETE|,NO|IP  IPTV  PBX => IP  PBX |SI,1823
114652,CT016SCHORDIND,|VOIP-ADD|IPTV-UPDATE|STB-ADD|,CT016SCHORDIND,|VOIP-ADD|IPTV-UPDATE|STB-ADD|,NO| |NO,1824
114654,CT016SCHORDIND,|HSI-ADD|VOIP-ADD|IPTV-UPDATE|STB-ADD|,CT016SCHORDIND,|HSI-ADD|VOIP-ADD|IPTV-UPDATE|STB-ADD|,SI| |NO,1825
114656,CT016SCHORDIND,|HSI-ADD|IP_FIX-ADD|VOIP-ADD|IPTV-UPDATE|STB-ADD|,CT016SCHORDIND,|HSI-ADD|IP_FIX-ADD|VOIP-ADD|IPTV-UPDATE|STB-ADD|,SI|IPTV   =>IPTV IP_FIX  VOIP|NO,1826
114658,CT016SCHORDIND,|HSI-DELETE|VOIP-ADD|IPTV-UPDATE|STB-ADD|,CT016SCHORDIND,|HSI-DELETE|VOIP-ADD|IPTV-UPDATE|STB-ADD|,SI| |SI,1827
114660,CT016SCHORDIND,|HSI-UPDATE|VOIP-ADD|IPTV-UPDATE|STB-ADD|,CT016SCHORDIND,|HSI-UPDATE|VOIP-ADD|IPTV-UPDATE|STB-ADD|,SI| |NO,1828
114662,CT016SCHORDIND,|HSI-UPDATE|IP_FIX-ADD|VOIP-ADD|IPTV-UPDATE|STB-ADD|,CT016SCHORDIND,|HSI-UPDATE|IP_FIX-ADD|VOIP-ADD|IPTV-UPDATE|STB-ADD|,SI|IPTV  IP =>IPTV IP_FIX  VOIP|NO,1829
114664,CT016SCHORDIND,|HSI-DELETE|IP_FIX-DELETE|VOIP-ADD|IPTV-UPDATE|STB-ADD|,CT016SCHORDIND,|HSI-DELETE|IP_FIX-DELETE|VOIP-ADD|IPTV-UPDATE|STB-ADD|,SI| |SI,1830
114666,CT016SCHORDIND,|HSI-UPDATE|IP_FIX-DELETE|VOIP-ADD|IPTV-UPDATE|STB-ADD|,CT016SCHORDIND,|HSI-UPDATE|IP_FIX-DELETE|VOIP-ADD|IPTV-UPDATE|STB-ADD|,SI| |NO,1831
114668,CT016SCHORDIND,|HSI-UPDATE|IP_FIX--|VOIP-ADD|IPTV-UPDATE|STB-ADD|,CT016SCHORDIND,|HSI-UPDATE|IP_FIX--|VOIP-ADD|IPTV-UPDATE|STB-ADD|,SI| |NO,1832
114670,CT016SCHORDIND,|VOIP-ADD|IPTV-UPDATE|VOIP-ADD|STB-ADD|,CT016SCHORDIND,|VOIP-ADD|IPTV-UPDATE|VOIP-ADD|STB-ADD|,SI| |NO,1833
114672,CT016SCHORDIND,|HSI-ADD|VOIP-ADD|IPTV-UPDATE|VOIP-ADD|STB-ADD|,CT016SCHORDIND,|HSI-ADD|VOIP-ADD|IPTV-UPDATE|VOIP-ADD|STB-ADD|,SI| |NO,1834
114674,CT016SCHORDIND,|HSI-ADD|IP_FIX-ADD|VOIP-ADD|IPTV-UPDATE|VOIP-ADD|STB-ADD|,CT016SCHORDIND,|HSI-ADD|IP_FIX-ADD|VOIP-ADD|IPTV-UPDATE|VOIP-ADD|STB-ADD|,SI| |NO,1835
114676,CT016SCHORDIND,|HSI-DELETE|VOIP-ADD|IPTV-UPDATE|VOIP-ADD|STB-ADD|,CT016SCHORDIND,|HSI-DELETE|VOIP-ADD|IPTV-UPDATE|VOIP-ADD|STB-ADD|,SI| |SI,1836
114678,CT016SCHORDIND,|HSI-UPDATE|VOIP-ADD|IPTV-UPDATE|VOIP-ADD|STB-ADD|,CT016SCHORDIND,|HSI-UPDATE|VOIP-ADD|IPTV-UPDATE|VOIP-ADD|STB-ADD|,SI| |NO,1837
114680,CT016SCHORDIND,|HSI-UPDATE|IP_FIX-ADD|VOIP-ADD|IPTV-UPDATE|VOIP-ADD|STB-ADD|,CT016SCHORDIND,|HSI-UPDATE|IP_FIX-ADD|VOIP-ADD|IPTV-UPDATE|VOIP-ADD|STB-ADD|,SI| |NO,1838
114682,CT016SCHORDIND,|HSI-DELETE|IP_FIX-DELETE|VOIP-ADD|IPTV-UPDATE|VOIP-ADD|STB-ADD|,CT016SCHORDIND,|HSI-DELETE|IP_FIX-DELETE|VOIP-ADD|IPTV-UPDATE|VOIP-ADD|STB-ADD|,SI| |SI,1839
114684,CT016SCHORDIND,|HSI-UPDATE|IP_FIX-DELETE|VOIP-ADD|IPTV-UPDATE|VOIP-ADD|STB-ADD|,CT016SCHORDIND,|HSI-UPDATE|IP_FIX-DELETE|VOIP-ADD|IPTV-UPDATE|VOIP-ADD|STB-ADD|,SI| |NO,1840
114686,CT016SCHORDIND,|HSI-UPDATE|IP_FIX--|VOIP-ADD|IPTV-UPDATE|VOIP-ADD|STB-ADD|,CT016SCHORDIND,|HSI-UPDATE|IP_FIX--|VOIP-ADD|IPTV-UPDATE|VOIP-ADD|STB-ADD|,SI| |NO,1841
114688,CT016SCHORDIND,|HSI-UPDATE|VOIP-UPDATE|IPTV-UPDATE|VOIP-UPDATE|STB-ADD|,CT016SCHORDIND,|HSI-UPDATE|VOIP-UPDATE|IPTV-UPDATE|VOIP-UPDATE|STB-ADD|,SI|  => STB|NO,1842
114690,CT016SCHORDIND,|HSI-UPDATE|VOIP-UPDATE|IPTV-UPDATE|VOIP-DELETE|STB-ADD|,CT016SCHORDIND,|HSI-UPDATE|VOIP-UPDATE|IPTV-UPDATE|VOIP-DELETE|STB-ADD|,SI| |SI,1843
114692,CT016SCHORDIND,|LB-ADD|IPTV-UPDATE|STB-ADD|,CT016SCHORDIND,|LB-ADD|IPTV-UPDATE|STB-ADD|,SI| |NO,1844
114694,CT016SCHORDIND,|XDSL-ADD|IPTV-UPDATE|STB-ADD|,CT016SCHORDIND,|XDSL-ADD|IPTV-UPDATE|STB-ADD|,SI| |NO,1845
114696,CT016SCHORDIND,|LB-ADD|XDSL-ADD|IPTV-UPDATE|STB-ADD|,CT016SCHORDIND,|LB-ADD|XDSL-ADD|IPTV-UPDATE|STB-ADD|,SI| |NO,1846
114698,CT016SCHORDIND,|XDSL-ADD|IP-ADD|IPTV-UPDATE|STB-ADD|,CT016SCHORDIND,|XDSL-ADD|IP-ADD|IPTV-UPDATE|STB-ADD|,SI|IPTV   =>IPTV IP_FIX  |NO,1847
114700,CT016SCHORDIND,|LB-ADD|XDSL-ADD|IP-ADD|IPTV-UPDATE|STB-ADD|,CT016SCHORDIND,|LB-ADD|XDSL-ADD|IP-ADD|IPTV-UPDATE|STB-ADD|,SI|IPTV   =>IPTV IP_FIX  VOIP|NO,1848
114702,CT016SCHORDIND,|LB-DELETE|IPTV-UPDATE|STB-ADD|,CT016SCHORDIND,|LB-DELETE|IPTV-UPDATE|STB-ADD|,SI| |NO,1849
114704,CT016SCHORDIND,|LB-DELETE|XDSL-ADD|IPTV-UPDATE|STB-ADD|,CT016SCHORDIND,|LB-DELETE|XDSL-ADD|IPTV-UPDATE|STB-ADD|,SI| |NO,1850
114706,CT016SCHORDIND,|LB-UPDATE|XDSL-ADD|IPTV-UPDATE|STB-ADD|,CT016SCHORDIND,|LB-UPDATE|XDSL-ADD|IPTV-UPDATE|STB-ADD|,SI| |NO,1851
114708,CT016SCHORDIND,|LB-DELETE|XDSL-ADD|IP-ADD|IPTV-UPDATE|STB-ADD|,CT016SCHORDIND,|LB-DELETE|XDSL-ADD|IP-ADD|IPTV-UPDATE|STB-ADD|,SI|IPTV   VOIP=>IPTV IP_FIX  |NO,1852
114710,CT016SCHORDIND,|LB-UPDATE|XDSL-ADD|IP-ADD|IPTV-UPDATE|STB-ADD|,CT016SCHORDIND,|LB-UPDATE|XDSL-ADD|IP-ADD|IPTV-UPDATE|STB-ADD|,SI|IPTV   VOIP=>IPTV IP_FIX  VOIP|NO,1853
114712,CT016SCHORDIND,|XDSL-DELETE|IPTV-UPDATE|STB-ADD|,CT016SCHORDIND,|XDSL-DELETE|IPTV-UPDATE|STB-ADD|,SI| |NO,1854
114714,CT016SCHORDIND,|LB-ADD|XDSL-DELETE|IPTV-UPDATE|STB-ADD|,CT016SCHORDIND,|LB-ADD|XDSL-DELETE|IPTV-UPDATE|STB-ADD|,SI| |NO,1855
114716,CT016SCHORDIND,|LB-ADD|XDSL-UPDATE|IPTV-UPDATE|STB-ADD|,CT016SCHORDIND,|LB-ADD|XDSL-UPDATE|IPTV-UPDATE|STB-ADD|,SI| |NO,1856
114718,CT016SCHORDIND,|XDSL-UPDATE|IP-ADD|IPTV-UPDATE|STB-ADD|,CT016SCHORDIND,|XDSL-UPDATE|IP-ADD|IPTV-UPDATE|STB-ADD|,SI|IPTV  IP =>IPTV IP_FIX  |NO,1857
114720,CT016SCHORDIND,|LB-ADD|XDSL-UPDATE|IP-ADD|IPTV-UPDATE|STB-ADD|,CT016SCHORDIND,|LB-ADD|XDSL-UPDATE|IP-ADD|IPTV-UPDATE|STB-ADD|,SI|IPTV  IP =>IPTV IP_FIX  VOIP|NO,1858
114722,CT016SCHORDIND,|LB-DELETE|XDSL-DELETE|IPTV-UPDATE|STB-ADD|,CT016SCHORDIND,|LB-DELETE|XDSL-DELETE|IPTV-UPDATE|STB-ADD|,SI| |NO,1859
114724,CT016SCHORDIND,|LB-UPDATE|XDSL-DELETE|IPTV-UPDATE|STB-ADD|,CT016SCHORDIND,|LB-UPDATE|XDSL-DELETE|IPTV-UPDATE|STB-ADD|,SI| |NO,1860
114726,CT016SCHORDIND,|LB-DELETE|XDSL-UPDATE|IPTV-UPDATE|STB-ADD|,CT016SCHORDIND,|LB-DELETE|XDSL-UPDATE|IPTV-UPDATE|STB-ADD|,SI| |NO,1861
114728,CT016SCHORDIND,|LB-DELETE|XDSL-UPDATE|IP-ADD|IPTV-UPDATE|STB-ADD|,CT016SCHORDIND,|LB-DELETE|XDSL-UPDATE|IP-ADD|IPTV-UPDATE|STB-ADD|,SI|IPTV  IP VOIP=>IPTV IP_FIX  |NO,1862
114730,CT016SCHORDIND,|LB-UPDATE|XDSL-UPDATE|IP-ADD|IPTV-UPDATE|STB-ADD|,CT016SCHORDIND,|LB-UPDATE|XDSL-UPDATE|IP-ADD|IPTV-UPDATE|STB-ADD|,SI|IPTV  IP VOIP=>IPTV IP_FIX  VOIP|NO,1863
114732,CT016SCHORDIND,|XDSL-DELETE|IP-DELETE|IPTV-UPDATE|STB-ADD|,CT016SCHORDIND,|XDSL-DELETE|IP-DELETE|IPTV-UPDATE|STB-ADD|,SI| |NO,1864
114734,CT016SCHORDIND,|LB-ADD|XDSL-DELETE|IP-DELETE|IPTV-UPDATE|STB-ADD|,CT016SCHORDIND,|LB-ADD|XDSL-DELETE|IP-DELETE|IPTV-UPDATE|STB-ADD|,SI| |NO,1865
114736,CT016SCHORDIND,|XDSL-UPDATE|IP-DELETE|IPTV-UPDATE|STB-ADD|,CT016SCHORDIND,|XDSL-UPDATE|IP-DELETE|IPTV-UPDATE|STB-ADD|,SI| |NO,1866
114738,CT016SCHORDIND,|LB-ADD|XDSL-UPDATE|IP-DELETE|IPTV-UPDATE|STB-ADD|,CT016SCHORDIND,|LB-ADD|XDSL-UPDATE|IP-DELETE|IPTV-UPDATE|STB-ADD|,SI| |NO,1867
114740,CT016SCHORDIND,|LB-ADD|XDSL-UPDATE|IP--|IPTV-UPDATE|STB-ADD|,CT016SCHORDIND,|LB-ADD|XDSL-UPDATE|IP--|IPTV-UPDATE|STB-ADD|,SI| |NO,1868
114742,CT016SCHORDIND,|LB-DELETE|XDSL-DELETE|IP-DELETE|IPTV-UPDATE|STB-ADD|,CT016SCHORDIND,|LB-DELETE|XDSL-DELETE|IP-DELETE|IPTV-UPDATE|STB-ADD|,SI| |NO,1869
114744,CT016SCHORDIND,|LB-UPDATE|XDSL-DELETE|IP-DELETE|IPTV-UPDATE|STB-ADD|,CT016SCHORDIND,|LB-UPDATE|XDSL-DELETE|IP-DELETE|IPTV-UPDATE|STB-ADD|,SI| |NO,1870
114746,CT016SCHORDIND,|LB-DELETE|XDSL-UPDATE|IP-DELETE|IPTV-UPDATE|STB-ADD|,CT016SCHORDIND,|LB-DELETE|XDSL-UPDATE|IP-DELETE|IPTV-UPDATE|STB-ADD|,SI| |NO,1871
114748,CT016SCHORDIND,|LB-UPDATE|XDSL-UPDATE|IP-DELETE|IPTV-UPDATE|STB-ADD|,CT016SCHORDIND,|LB-UPDATE|XDSL-UPDATE|IP-DELETE|IPTV-UPDATE|STB-ADD|,SI| |NO,1872
114750,CT016SCHORDIND,|LB-DELETE|XDSL-UPDATE|IP--|IPTV-UPDATE|STB-ADD|,CT016SCHORDIND,|LB-DELETE|XDSL-UPDATE|IP--|IPTV-UPDATE|STB-ADD|,SI| |NO,1873
114752,CT016SCHORDIND,|VOIP-ADD|IPTV-UPDATE|STB-DELETE|,CT016SCHORDIND,|VOIP-ADD|IPTV-UPDATE|STB-DELETE|,NO| |NO,1874
114754,CT016SCHORDIND,|HSI-ADD|VOIP-ADD|IPTV-UPDATE|STB-DELETE|,CT016SCHORDIND,|HSI-ADD|VOIP-ADD|IPTV-UPDATE|STB-DELETE|,NO| |NO,1875
114756,CT016SCHORDIND,|HSI-ADD|IP_FIX-ADD|VOIP-ADD|IPTV-UPDATE|STB-DELETE|,CT016SCHORDIND,|HSI-ADD|IP_FIX-ADD|VOIP-ADD|IPTV-UPDATE|STB-DELETE|,SI|IPTV   =>IPTV IP_FIX  VOIP|NO,1876
114758,CT016SCHORDIND,|HSI-DELETE|VOIP-ADD|IPTV-UPDATE|STB-DELETE|,CT016SCHORDIND,|HSI-DELETE|VOIP-ADD|IPTV-UPDATE|STB-DELETE|,NO| |SI,1877
114760,CT016SCHORDIND,|HSI-UPDATE|VOIP-ADD|IPTV-UPDATE|STB-DELETE|,CT016SCHORDIND,|HSI-UPDATE|VOIP-ADD|IPTV-UPDATE|STB-DELETE|,NO| |NO,1878
114762,CT016SCHORDIND,|HSI-UPDATE|IP_FIX-ADD|VOIP-ADD|IPTV-UPDATE|STB-DELETE|,CT016SCHORDIND,|HSI-UPDATE|IP_FIX-ADD|VOIP-ADD|IPTV-UPDATE|STB-DELETE|,SI|IPTV  IP =>IPTV IP_FIX  VOIP|NO,1879
114764,CT016SCHORDIND,|HSI-DELETE|IP_FIX-DELETE|VOIP-ADD|IPTV-UPDATE|STB-DELETE|,CT016SCHORDIND,|HSI-DELETE|IP_FIX-DELETE|VOIP-ADD|IPTV-UPDATE|STB-DELETE|,NO| |SI,1880
114766,CT016SCHORDIND,|HSI-UPDATE|IP_FIX-DELETE|VOIP-ADD|IPTV-UPDATE|STB-DELETE|,CT016SCHORDIND,|HSI-UPDATE|IP_FIX-DELETE|VOIP-ADD|IPTV-UPDATE|STB-DELETE|,NO| |NO,1881
114768,CT016SCHORDIND,|HSI-UPDATE|IP_FIX--|VOIP-ADD|IPTV-UPDATE|STB-DELETE|,CT016SCHORDIND,|HSI-UPDATE|IP_FIX--|VOIP-ADD|IPTV-UPDATE|STB-DELETE|,NO| |NO,1882
26101,CT005RVCTXCCT,CE,CT005RVCTXCCT,CE,2000000,CE
26103,CT005RVCTXCCT,NIT,CT005RVCTXCCT,NIT,2000000,NIT
26106,CT005RVCTXCCN,CE,CT005RVCTXCCN,CE,Cedula de extranjeria,CE-CCN
26108,CT005RVCTXCCN,NIT,CT005RVCTXCCN,NIT,NIT,NIT-CCN
40601,CT008PQRCUNMOTIVO,Gran Cliente,CT008PQRCUNMOTIVO,Gran Cliente,Tipologia Exenta,529
40603,CT008PQRCUNMOTIVO,Enviar a Investigar,CT008PQRCUNMOTIVO,Enviar a Investigar,Tipologia Exenta,530
40605,CT008PQRCUNMOTIVO,Cerrado en front,CT008PQRCUNMOTIVO,Cerrado en front,Falla de Software,531
78605,CT016SBLXT2UPPRSTCCLRSN,FALLA EN CANAL INTERNACIONAL - REASIGNAR,CT016SBLXT2UPPRSTCCLRSN,FALLA EN CANAL INTERNACIONAL - REASIGNAR,FALLA EN CANAL INTERNACIONAL,814
78607,CT016SBLXT2UPPRSTCCLRSN,FALLA EN EL APROVISIONAMIENTO - REASIGNAR,CT016SBLXT2UPPRSTCCLRSN,FALLA EN EL APROVISIONAMIENTO - REASIGNAR,FALLA EN EL APROVISIONAMIENTO,815
78609,CT016SBLXT2UPPRSTCCLRSN,FALLA EN PUERTO DE EQUIPO SIN DISPONIBILIDAD PARA CAMBIO - REASIGNAR,CT016SBLXT2UPPRSTCCLRSN,FALLA EN PUERTO DE EQUIPO SIN DISPONIBILIDAD PARA CAMBIO - REASIGNAR,FALLA PUERTO EQUIPO SIN DISPONIBILIDAD PARA CAMBIO,816
78611,CT016SBLXT2UPPRSTCCLRSN,FALLA EN RED DE ABONADO PARA RECONSTRUCCION - REASIGNAR,CT016SBLXT2UPPRSTCCLRSN,FALLA EN RED DE ABONADO PARA RECONSTRUCCION - REASIGNAR,FALLA EN RED DE ABONADO PARA RECONSTRUCCION,817
78613,CT016SBLXT2UPPRSTCCLRSN,FALLA EN RED INTERNA - REASIGNAR,CT016SBLXT2UPPRSTCCLRSN,FALLA EN RED INTERNA - REASIGNAR,FALLA EN RED INTERNA,818
78615,CT016SBLXT2UPPRSTCCLRSN,FALLA GENERAL EN ARMARIO - REASIGNAR,CT016SBLXT2UPPRSTCCLRSN,FALLA GENERAL EN ARMARIO - REASIGNAR,FALLA GENERAL EN ARMARIO,819
78617,CT016SBLXT2UPPRSTCCLRSN,FALLA GENERAL EN CAJA TERMINAL - REASIGNAR,CT016SBLXT2UPPRSTCCLRSN,FALLA GENERAL EN CAJA TERMINAL - REASIGNAR,FALLA GENERAL EN CAJA TERMINAL,820
78619,CT016SBLXT2UPPRSTCCLRSN,FALLA GENERAL EN DG - REASIGNAR,CT016SBLXT2UPPRSTCCLRSN,FALLA GENERAL EN DG - REASIGNAR,FALLA GENERAL EN DG - REASIGNAR,821
78621,CT016SBLXT2UPPRSTCCLRSN,FALLA GENERAL EN EQUIPO ACCESO DE INTERNET - REASIGNAR,CT016SBLXT2UPPRSTCCLRSN,FALLA GENERAL EN EQUIPO ACCESO DE INTERNET - REASIGNAR,FALLA GENERAL EN EQUIPO ACCESO DE INTERNET,822
78623,CT016SBLXT2UPPRSTCCLRSN,FALLA GENERAL EN EQUIPO ACCESO DE VOZ - REASIGNAR,CT016SBLXT2UPPRSTCCLRSN,FALLA GENERAL EN EQUIPO ACCESO DE VOZ - REASIGNAR,FALLA GENERAL EN EQUIPO ACCESO DE VOZ,823
78625,CT016SBLXT2UPPRSTCCLRSN,FALLA GENERAL EN PLATAFORMA TV,CT016SBLXT2UPPRSTCCLRSN,FALLA GENERAL EN PLATAFORMA TV,FALLA GENERAL EN PLATAFORMA TV,824
78627,CT016SBLXT2UPPRSTCCLRSN,FALLA GENERAL EN RED PRIMARIA - REASIGNAR,CT016SBLXT2UPPRSTCCLRSN,FALLA GENERAL EN RED PRIMARIA - REASIGNAR,FALLA GENERAL EN RED PRIMARIA,825
78629,CT016SBLXT2UPPRSTCCLRSN,FALLA GENERAL EN RED SECUNDARIA - REASIGNAR,CT016SBLXT2UPPRSTCCLRSN,FALLA GENERAL EN RED SECUNDARIA - REASIGNAR,FALLA GENERAL EN RED SECUNDARIA,826
78631,CT016SBLXT2UPPRSTCCLRSN,FALLA GENERAL EN STRIP TELEFONICO - REASIGNAR,CT016SBLXT2UPPRSTCCLRSN,FALLA GENERAL EN STRIP TELEFONICO - REASIGNAR,FALLA GENERAL EN STRIP TELEFONICO,827
78633,CT016SBLXT2UPPRSTCCLRSN,FALLA POR CONGESTION - REASIGNAR,CT016SBLXT2UPPRSTCCLRSN,FALLA POR CONGESTION - REASIGNAR,FALLA POR CONGESTION,828
78635,CT016SBLXT2UPPRSTCCLRSN,MAL INGRESADA ELEMENTOS NO RESERVADOS POR APLICACION TI,CT016SBLXT2UPPRSTCCLRSN,MAL INGRESADA ELEMENTOS NO RESERVADOS POR APLICACION TI,MAL INGRESADA ELEMENTOS NO RESERVADOS,829
114770,CT016SCHORDIND,|VOIP-ADD|IPTV-UPDATE|VOIP-ADD|STB-DELETE|,CT016SCHORDIND,|VOIP-ADD|IPTV-UPDATE|VOIP-ADD|STB-DELETE|,NO| |NO,1883
114772,CT016SCHORDIND,|HSI-ADD|VOIP-ADD|IPTV-UPDATE|VOIP-ADD|STB-DELETE|,CT016SCHORDIND,|HSI-ADD|VOIP-ADD|IPTV-UPDATE|VOIP-ADD|STB-DELETE|,NO| |NO,1884
114774,CT016SCHORDIND,|HSI-ADD|IP_FIX-ADD|VOIP-ADD|IPTV-UPDATE|VOIP-ADD|STB-DELETE|,CT016SCHORDIND,|HSI-ADD|IP_FIX-ADD|VOIP-ADD|IPTV-UPDATE|VOIP-ADD|STB-DELETE|,NO| |NO,1885
114776,CT016SCHORDIND,|HSI-DELETE|VOIP-ADD|IPTV-UPDATE|VOIP-ADD|STB-DELETE|,CT016SCHORDIND,|HSI-DELETE|VOIP-ADD|IPTV-UPDATE|VOIP-ADD|STB-DELETE|,NO| |SI,1886
114778,CT016SCHORDIND,|HSI-UPDATE|VOIP-ADD|IPTV-UPDATE|VOIP-ADD|STB-DELETE|,CT016SCHORDIND,|HSI-UPDATE|VOIP-ADD|IPTV-UPDATE|VOIP-ADD|STB-DELETE|,NO| |NO,1887
114780,CT016SCHORDIND,|HSI-UPDATE|IP_FIX-ADD|VOIP-ADD|IPTV-UPDATE|VOIP-ADD|STB-DELETE|,CT016SCHORDIND,|HSI-UPDATE|IP_FIX-ADD|VOIP-ADD|IPTV-UPDATE|VOIP-ADD|STB-DELETE|,NO| |NO,1888
114782,CT016SCHORDIND,|HSI-DELETE|IP_FIX-DELETE|VOIP-ADD|IPTV-UPDATE|VOIP-ADD|STB-DELETE|,CT016SCHORDIND,|HSI-DELETE|IP_FIX-DELETE|VOIP-ADD|IPTV-UPDATE|VOIP-ADD|STB-DELETE|,NO| |SI,1889
114784,CT016SCHORDIND,|HSI-UPDATE|IP_FIX-DELETE|VOIP-ADD|IPTV-UPDATE|VOIP-ADD|STB-DELETE|,CT016SCHORDIND,|HSI-UPDATE|IP_FIX-DELETE|VOIP-ADD|IPTV-UPDATE|VOIP-ADD|STB-DELETE|,NO| |NO,1890
114786,CT016SCHORDIND,|HSI-UPDATE|IP_FIX--|VOIP-ADD|IPTV-UPDATE|VOIP-ADD|STB-DELETE|,CT016SCHORDIND,|HSI-UPDATE|IP_FIX--|VOIP-ADD|IPTV-UPDATE|VOIP-ADD|STB-DELETE|,NO| |NO,1891
114788,CT016SCHORDIND,|HSI-UPDATE|VOIP-UPDATE|IPTV-UPDATE|VOIP-UPDATE|STB-DELETE|,CT016SCHORDIND,|HSI-UPDATE|VOIP-UPDATE|IPTV-UPDATE|VOIP-UPDATE|STB-DELETE|,SI|  => STB|NO,1892
114790,CT016SCHORDIND,|HSI-UPDATE|VOIP-UPDATE|IPTV-UPDATE|VOIP-DELETE|STB-DELETE|,CT016SCHORDIND,|HSI-UPDATE|VOIP-UPDATE|IPTV-UPDATE|VOIP-DELETE|STB-DELETE|,NO| |SI,1893
114792,CT016SCHORDIND,|LB-ADD|IPTV-UPDATE|STB-DELETE|,CT016SCHORDIND,|LB-ADD|IPTV-UPDATE|STB-DELETE|,NO| |NO,1894
114794,CT016SCHORDIND,|XDSL-ADD|IPTV-UPDATE|STB-DELETE|,CT016SCHORDIND,|XDSL-ADD|IPTV-UPDATE|STB-DELETE|,NO| |NO,1895
114796,CT016SCHORDIND,|LB-ADD|XDSL-ADD|IPTV-UPDATE|STB-DELETE|,CT016SCHORDIND,|LB-ADD|XDSL-ADD|IPTV-UPDATE|STB-DELETE|,NO| |NO,1896
114798,CT016SCHORDIND,|XDSL-ADD|IP-ADD|IPTV-UPDATE|STB-DELETE|,CT016SCHORDIND,|XDSL-ADD|IP-ADD|IPTV-UPDATE|STB-DELETE|,SI|IPTV   =>IPTV IP_FIX  |NO,1897
116600,CT016SCHORDIND,|LB-ADD|XDSL-ADD|IP-ADD|IPTV-UPDATE|STB-DELETE|,CT016SCHORDIND,|LB-ADD|XDSL-ADD|IP-ADD|IPTV-UPDATE|STB-DELETE|,SI|IPTV   =>IPTV IP_FIX  VOIP|NO,1898
116602,CT016SCHORDIND,|LB-DELETE|IPTV-UPDATE|STB-DELETE|,CT016SCHORDIND,|LB-DELETE|IPTV-UPDATE|STB-DELETE|,NO| |NO,1899
116604,CT016SCHORDIND,|LB-DELETE|XDSL-ADD|IPTV-UPDATE|STB-DELETE|,CT016SCHORDIND,|LB-DELETE|XDSL-ADD|IPTV-UPDATE|STB-DELETE|,NO| |NO,1900
116606,CT016SCHORDIND,|LB-UPDATE|XDSL-ADD|IPTV-UPDATE|STB-DELETE|,CT016SCHORDIND,|LB-UPDATE|XDSL-ADD|IPTV-UPDATE|STB-DELETE|,NO| |NO,1901
116608,CT016SCHORDIND,|LB-DELETE|XDSL-ADD|IP-ADD|IPTV-UPDATE|STB-DELETE|,CT016SCHORDIND,|LB-DELETE|XDSL-ADD|IP-ADD|IPTV-UPDATE|STB-DELETE|,SI|IPTV   VOIP=>IPTV IP_FIX  |NO,1902
116610,CT016SCHORDIND,|LB-UPDATE|XDSL-ADD|IP-ADD|IPTV-UPDATE|STB-DELETE|,CT016SCHORDIND,|LB-UPDATE|XDSL-ADD|IP-ADD|IPTV-UPDATE|STB-DELETE|,SI|IPTV   VOIP=>IPTV IP_FIX  VOIP|NO,1903
116612,CT016SCHORDIND,|XDSL-DELETE|IPTV-UPDATE|STB-DELETE|,CT016SCHORDIND,|XDSL-DELETE|IPTV-UPDATE|STB-DELETE|,NO| |NO,1904
116614,CT016SCHORDIND,|LB-ADD|XDSL-DELETE|IPTV-UPDATE|STB-DELETE|,CT016SCHORDIND,|LB-ADD|XDSL-DELETE|IPTV-UPDATE|STB-DELETE|,NO| |NO,1905
116616,CT016SCHORDIND,|LB-ADD|XDSL-UPDATE|IPTV-UPDATE|STB-DELETE|,CT016SCHORDIND,|LB-ADD|XDSL-UPDATE|IPTV-UPDATE|STB-DELETE|,NO| |NO,1906
116618,CT016SCHORDIND,|XDSL-UPDATE|IP-ADD|IPTV-UPDATE|STB-DELETE|,CT016SCHORDIND,|XDSL-UPDATE|IP-ADD|IPTV-UPDATE|STB-DELETE|,SI|IPTV  IP =>IPTV IP_FIX  |NO,1907
116620,CT016SCHORDIND,|LB-ADD|XDSL-UPDATE|IP-ADD|IPTV-UPDATE|STB-DELETE|,CT016SCHORDIND,|LB-ADD|XDSL-UPDATE|IP-ADD|IPTV-UPDATE|STB-DELETE|,SI|IPTV  IP =>IPTV IP_FIX  VOIP|NO,1908
116622,CT016SCHORDIND,|LB-DELETE|XDSL-DELETE|IPTV-UPDATE|STB-DELETE|,CT016SCHORDIND,|LB-DELETE|XDSL-DELETE|IPTV-UPDATE|STB-DELETE|,NO| |NO,1909
116624,CT016SCHORDIND,|LB-UPDATE|XDSL-DELETE|IPTV-UPDATE|STB-DELETE|,CT016SCHORDIND,|LB-UPDATE|XDSL-DELETE|IPTV-UPDATE|STB-DELETE|,NO| |NO,1910
116626,CT016SCHORDIND,|LB-DELETE|XDSL-UPDATE|IPTV-UPDATE|STB-DELETE|,CT016SCHORDIND,|LB-DELETE|XDSL-UPDATE|IPTV-UPDATE|STB-DELETE|,NO| |NO,1911
116628,CT016SCHORDIND,|LB-DELETE|XDSL-UPDATE|IP-ADD|IPTV-UPDATE|STB-DELETE|,CT016SCHORDIND,|LB-DELETE|XDSL-UPDATE|IP-ADD|IPTV-UPDATE|STB-DELETE|,SI|IPTV  IP VOIP=>IPTV IP_FIX  |NO,1912
116630,CT016SCHORDIND,|LB-UPDATE|XDSL-UPDATE|IP-ADD|IPTV-UPDATE|STB-DELETE|,CT016SCHORDIND,|LB-UPDATE|XDSL-UPDATE|IP-ADD|IPTV-UPDATE|STB-DELETE|,SI|IPTV  IP VOIP=>IPTV IP_FIX  VOIP|NO,1913
116632,CT016SCHORDIND,|XDSL-DELETE|IP-DELETE|IPTV-UPDATE|STB-DELETE|,CT016SCHORDIND,|XDSL-DELETE|IP-DELETE|IPTV-UPDATE|STB-DELETE|,NO| |NO,1914
116634,CT016SCHORDIND,|LB-ADD|XDSL-DELETE|IP-DELETE|IPTV-UPDATE|STB-DELETE|,CT016SCHORDIND,|LB-ADD|XDSL-DELETE|IP-DELETE|IPTV-UPDATE|STB-DELETE|,NO| |NO,1915
116636,CT016SCHORDIND,|XDSL-UPDATE|IP-DELETE|IPTV-UPDATE|STB-DELETE|,CT016SCHORDIND,|XDSL-UPDATE|IP-DELETE|IPTV-UPDATE|STB-DELETE|,NO| |NO,1916
116638,CT016SCHORDIND,|LB-ADD|XDSL-UPDATE|IP-DELETE|IPTV-UPDATE|STB-DELETE|,CT016SCHORDIND,|LB-ADD|XDSL-UPDATE|IP-DELETE|IPTV-UPDATE|STB-DELETE|,NO| |NO,1917
116640,CT016SCHORDIND,|LB-ADD|XDSL-UPDATE|IP--|IPTV-UPDATE|STB-DELETE|,CT016SCHORDIND,|LB-ADD|XDSL-UPDATE|IP--|IPTV-UPDATE|STB-DELETE|,NO| |NO,1918
116642,CT016SCHORDIND,|LB-DELETE|XDSL-DELETE|IP-DELETE|IPTV-UPDATE|STB-DELETE|,CT016SCHORDIND,|LB-DELETE|XDSL-DELETE|IP-DELETE|IPTV-UPDATE|STB-DELETE|,NO| |NO,1919
116644,CT016SCHORDIND,|LB-UPDATE|XDSL-DELETE|IP-DELETE|IPTV-UPDATE|STB-DELETE|,CT016SCHORDIND,|LB-UPDATE|XDSL-DELETE|IP-DELETE|IPTV-UPDATE|STB-DELETE|,NO| |NO,1920
116646,CT016SCHORDIND,|LB-DELETE|XDSL-UPDATE|IP-DELETE|IPTV-UPDATE|STB-DELETE|,CT016SCHORDIND,|LB-DELETE|XDSL-UPDATE|IP-DELETE|IPTV-UPDATE|STB-DELETE|,NO| |NO,1921
116648,CT016SCHORDIND,|LB-UPDATE|XDSL-UPDATE|IP-DELETE|IPTV-UPDATE|STB-DELETE|,CT016SCHORDIND,|LB-UPDATE|XDSL-UPDATE|IP-DELETE|IPTV-UPDATE|STB-DELETE|,NO| |NO,1922
116650,CT016SCHORDIND,|LB-DELETE|XDSL-UPDATE|IP--|IPTV-UPDATE|STB-DELETE|,CT016SCHORDIND,|LB-DELETE|XDSL-UPDATE|IP--|IPTV-UPDATE|STB-DELETE|,NO| |NO,1923
116652,CT016SCHORDIND,|HSI-UPDATE|VOIP-UPDATE|IPTV-UPDATE|STB-ADD|,CT016SCHORDIND,|HSI-UPDATE|VOIP-UPDATE|IPTV-UPDATE|STB-ADD|,SI|  => STB|NO,1924
116654,CT016SCHORDIND,|HSI-UPDATE|IP_FIX-ADD|VOIP-UPDATE|,CT016SCHORDIND,|HSI-UPDATE|IP_FIX-ADD|VOIP-UPDATE|,SI| IP VOIP => IP VOIP IP_FIX|NO,1925
116656,CT016SCHORDIND,|HSI-UPDATE|IP_FIX-ADD|VOIP-UPDATE|IPTV-UPDATE|STB-UPDATE,CT016SCHORDIND,|HSI-UPDATE|IP_FIX-ADD|VOIP-UPDATE|IPTV-UPDATE|STB-UPDATE,SI| IP VOIP IPTV  => IP VOIP IP_FIX IPTV |NO,1926
116658,CT016SCHORDIND,|IPTV-UPDATE|STB-ADD|,CT016SCHORDIND,|IPTV-UPDATE|STB-ADD|,SI|  IPTV STB => IPTV + STB|NO,1927
116660,CT016SCHORDIND,|HSI-UPDATE|IP_FIX--|VOIP-UPDATE|IPTV-UPDATE|STB-ADD|,CT016SCHORDIND,|HSI-UPDATE|IP_FIX--|VOIP-UPDATE|IPTV-UPDATE|STB-ADD|,SI| IP VOIP IP_FIX  IPTV STB => - STB|NO,1928
109101,CT016SCHORDIND,|HSI-UPDATE|IP_FIX--|VOIP-UPDATE|IPTV-ADD|STB-ADD|,CT016SCHORDIND,|HSI-UPDATE|IP_FIX--|VOIP-UPDATE|IPTV-ADD|STB-ADD|,SI | IP IP_FIX VOIP =>  IP IP_FIX VOIP IPTV| NO,1929
114801,CT016SCHORDIND,|HSI-UPDATE|IP_FIX--|IPTV-ADD|IPPBX-UPDATE|STB-ADD|,CT016SCHORDIND,|HSI-UPDATE|IP_FIX--|IPTV-ADD|IPPBX-UPDATE|STB-ADD|,SI | IP IP_FIX IPPBX => IP IP_FIX IPPBX IPTV|NO,1930
118701,CT016SCHORDIND,|IPTV-UPDATE|LB-UPDATE|XDSL-UPDATE|STB-ADD|,CT016SCHORDIND,|IPTV-UPDATE|LB-UPDATE|XDSL-UPDATE|STB-ADD|,SI|STB => + STB|NO,1931
118703,CT016SCHORDIND,|IPTV-UPDATE|LB-UPDATE|XDSL-UPDATE|STB-DELETE|,CT016SCHORDIND,|IPTV-UPDATE|LB-UPDATE|XDSL-UPDATE|STB-DELETE|,NO|STB => -STB|SI,1932
118705,CT016SCHORDIND,|HSI-UPDATE|IP_FIX--|VOIP-DELETE|IPTV-UPDATE|IPPBX-ADD|STB--|,CT016SCHORDIND,|HSI-UPDATE|IP_FIX--|VOIP-DELETE|IPTV-UPDATE|IPPBX-ADD|STB--|,SI|IP IP_FIX VOIP IPTV => IP IP_FIX IPPBX IPTV|NO,1933
118707,CT016SCHORDIND,|HSI-UPDATE|IP_FIX-DELETE|VOIP-UPDATE|,CT016SCHORDIND,|HSI-UPDATE|IP_FIX-DELETE|VOIP-UPDATE|,NO|IP-FIX => IP|SI,1934
118709,CT016SCHORDIND,|HSI-UPDATE|IP_FIX--|IPPBX-UPDATE|,CT016SCHORDIND,|HSI-UPDATE|IP_FIX--|IPPBX-UPDATE|,NO|IPPBX => IPPBX MOD|SI,1935
28101,CT006RMCABPCATD,CC,CT006RMCABPCATD,CC,Z0001,511
28103,CT006RMCABPCATD,CE,CT006RMCABPCATD,CE,Z0002,512
28105,CT006RMCABPCATD,NIT,CT006RMCABPCATD,NIT,Z0007,513
50813,CT011SXT2LISIMEDO,3,CT011SXT2LISIMEDO,3,Rechazado,543
50815,CT011SXT2LISIMEDO,5,CT011SXT2LISIMEDO,5,Rechazado,544
50817,CT011SXT2LISIMEDO,4,CT011SXT2LISIMEDO,4,Rechazado,545
50819,CT011SXT2LISIMEDO,6,CT011SXT2LISIMEDO,6,Rechazado,546
50821,CT011SXT2LISIMEDO,7,CT011SXT2LISIMEDO,7,Rechazado,547
50823,CT011SXT2LISIMEDO,8,CT011SXT2LISIMEDO,8,Rechazado,548
50825,CT011SXT2LISIMEDO,9,CT011SXT2LISIMEDO,9,Rechazado,549
50827,CT011SXT2LISIMEDO,10,CT011SXT2LISIMEDO,10,Rechazado,550
50829,CT011SXT2LISIMEDO,12,CT011SXT2LISIMEDO,12,Rechazado,552
50831,CT011SXT2LISIMEDO,-99,CT011SXT2LISIMEDO,-99,Rechazado,553
62601,CT015ACTFFTH,"FIBRA|HSI,IP_FIX,IPTV,STB_ADD_2",CT015ACTFFTH,"FIBRA|HSI,IP_FIX,IPTV,STB_ADD_2",F.O. (HSI/IP_FIX/IPTV/STB_ADD_2)|Installation of duo play service with fix IP and two STB +2 aditional STB|MPPFTTH|120,643
56701,CT006RMCACARECLAM,Empresas|CarrieryOperadores,CT006RMCACARECLAM,Empresas|CarrieryOperadores,0012,561
56703,CT006RMCACARECLAM,Empresas|Grandes,CT006RMCACARECLAM,Empresas|Grandes,0005,562
56705,CT006RMCACARECLAM,Empresas|Mediana,CT006RMCACARECLAM,Empresas|Mediana,0009,563
56707,CT006RMCACARECLAM,Empresas|Micro,CT006RMCACARECLAM,Empresas|Micro,0009,564
56709,CT006RMCACARECLAM,Empresas|Pequenas,CT006RMCACARECLAM,Empresas|Pequenas,0003,565
56711,CT006RMCACARECLAM,GobiernoDistrital|Grandes,CT006RMCACARECLAM,GobiernoDistrital|Grandes,0006,566
56713,CT006RMCACARECLAM,GobiernoDistrital|Mediana,CT006RMCACARECLAM,GobiernoDistrital|Mediana,0006,567
56715,CT006RMCACARECLAM,GobiernoDistrital|Pequenas,CT006RMCACARECLAM,GobiernoDistrital|Pequenas,0006,568
56717,CT006RMCACARECLAM,GobiernoNacional|Grandes,CT006RMCACARECLAM,GobiernoNacional|Grandes,0006,569
56719,CT006RMCACARECLAM,GobiernoNacional|Mediana,CT006RMCACARECLAM,GobiernoNacional|Mediana,0006,570
62603,CT015ACTFFTH,"FIBRA|HSI,IP_FIX,IPTV,STB_ADD_3",CT015ACTFFTH,"FIBRA|HSI,IP_FIX,IPTV,STB_ADD_3",F.O. (HSI/IP_FIX/IPTV/STB_ADD_3)|Installation of duo play service with fix IP and two STB +3 aditional STB|MPPFTTH|120,644
62605,CT015ACTFFTH,"FIBRA|HSI,IP_FIX,IPTV,STB_ADD_4",CT015ACTFFTH,"FIBRA|HSI,IP_FIX,IPTV,STB_ADD_4",F.O. (HSI/IP_FIX/IPTV/STB_ADD_4)|Installation of duo play service with fix IP and two STB +4 aditional STB|MPPFTTH|120,645
62607,CT015ACTFFTH,"FIBRA|HSI,IP_FIX,VOIP,IPTV",CT015ACTFFTH,"FIBRA|HSI,IP_FIX,VOIP,IPTV",F.O. (HSI/IP_FIX/VOIP/IPTV)|Installation of triple play Service with fix IP and two STB|MPPFTTH|120,646
62609,CT015ACTFFTH,"FIBRA|HSI,IP_FIX,IPTV,IPPBX",CT015ACTFFTH,"FIBRA|HSI,IP_FIX,IPTV,IPPBX",F.O. (HSI/IP_FIX/IPTV/IPPBX)|Installation of triple play Service with fix IP and two STB|MPPFTTH|120,647
62611,CT015ACTFFTH,"FIBRA|HSI,VOIP,IPTV,STB_ADD_1",CT015ACTFFTH,"FIBRA|HSI,VOIP,IPTV,STB_ADD_1",F.O. (HSI/VOIP/IPTV/STB_ADD_1)|Installation of triple play Service with two STBÃ?Â  +1 aditional STB|MPPFTTH|120,648
62613,CT015ACTFFTH,"FIBRA|HSI,VOIP,IPTV,STB_ADD_2",CT015ACTFFTH,"FIBRA|HSI,VOIP,IPTV,STB_ADD_2",F.O. (HSI/VOIP/IPTV/STB_ADD_2)|Installation of triple play Service with two STBÃ?Â  +2 aditional STB|MPPFTTH|120,649
62615,CT015ACTFFTH,"FIBRA|HSI,VOIP,IPTV,STB_ADD_3",CT015ACTFFTH,"FIBRA|HSI,VOIP,IPTV,STB_ADD_3",F.O. (HSI/VOIP/IPTV/STB_ADD_3)|Installation of triple play Service with two STBÃ?Â  +3 aditional STB|MPPFTTH|120,650
62617,CT015ACTFFTH,"FIBRA|HSI,VOIP,IPTV,STB_ADD_4",CT015ACTFFTH,"FIBRA|HSI,VOIP,IPTV,STB_ADD_4",F.O. (HSI/VOIP/IPTV/STB_ADD_4)|Installation of triple play Service with two STBÃ?Â  +4 aditional STB|MPPFTTH|120,651
62619,CT016SBLXT2UPPRSTCCLRSN,ASOCIACION DE PUERTO A LA ADDRESS EN SW,CT016SBLXT2UPPRSTCCLRSN,ASOCIACION DE PUERTO A LA ADDRESS EN SW,Asociacion de puerto a la address en SMW,652
62621,CT016SBLXT2UPPRSTCCLRSN,ELEMENTOS DE RED ASIGNADOS NO CORRESPONDE,CT016SBLXT2UPPRSTCCLRSN,ELEMENTOS DE RED ASIGNADOS NO CORRESPONDE,Elementos de red asignados no corresponde,653
62623,CT016SBLXT2UPPRSTCCLRSN,ORDEN DE TRABAJO REPETIDA (POSIBLE ERROR EN FRONT),CT016SBLXT2UPPRSTCCLRSN,ORDEN DE TRABAJO REPETIDA (POSIBLE ERROR EN FRONT),Orden de trabajo repetida (posible error en front),654
62625,CT016SBLXT2UPPRSTCCLRSN,ORDEN CON DATOS DE CLIENTE ERRADOS O INCOMPLETOS,CT016SBLXT2UPPRSTCCLRSN,ORDEN CON DATOS DE CLIENTE ERRADOS O INCOMPLETOS,Orden con datos de cliente errados o incompletos,655
62627,CT016SBLXT2UPPRSTCCLRSN,MAL INGRESADA ELEMENTOS NO RESERVADOS POR APLICACIÓN,CT016SBLXT2UPPRSTCCLRSN,MAL INGRESADA ELEMENTOS NO RESERVADOS POR APLICACIÓN,Mal ingresada elementos no reservados por aplicacion,656
62629,CT016SBLXT2UPPRSTCCLRSN,ORDEN INCOMPLETA EN OSS,CT016SBLXT2UPPRSTCCLRSN,ORDEN INCOMPLETA EN OSS,Orden incompleta en OSS,657
62631,CT016SBLXT2UPPRSTCCLRSN,"DEPURACION DE ORDENES, CANCELADA EN MSS",CT016SBLXT2UPPRSTCCLRSN,"DEPURACION DE ORDENES, CANCELADA EN MSS","Depuracion de ordenes, cancelada en MSS",658
62633,CT016SBLXT2UPPRSTCCLRSN,DEPURACIÓN IMPOSIBILIDAD TÉCNICA EN TERRENO,CT016SBLXT2UPPRSTCCLRSN,DEPURACIÓN IMPOSIBILIDAD TÉCNICA EN TERRENO,Depuracion imposibilidad tecnica en terreno,659
62635,CT016SBLXT2UPPRSTCCLRSN,ERROR CARGUE DE INVENTARIOS EN M6,CT016SBLXT2UPPRSTCCLRSN,ERROR CARGUE DE INVENTARIOS EN M6,Error cargue de inventarios en m6,660
62637,CT016SBLXT2UPPRSTCCLRSN,PUERTO CRUZADO EN OLT POR INVENTARIO,CT016SBLXT2UPPRSTCCLRSN,PUERTO CRUZADO EN OLT POR INVENTARIO,Puerto cruzado en OLT por inventario,661
62639,CT016SBLXT2UPPRSTCCLRSN,VLAN INCORRECTA O NO EXISTE,CT016SBLXT2UPPRSTCCLRSN,VLAN INCORRECTA O NO EXISTE,VLAN incorrecta o no existe,662
62641,CT016SBLXT2UPPRSTCCLRSN,PUERTO FISICO CRUZADO,CT016SBLXT2UPPRSTCCLRSN,PUERTO FISICO CRUZADO,Puerto fisico cruzado,663
62643,CT016SBLXT2UPPRSTCCLRSN,CRUCE DE PUERTO LOGICO MSS SMW,CT016SBLXT2UPPRSTCCLRSN,CRUCE DE PUERTO LOGICO MSS SMW,Cruce de puerto logico MSS SMW,664
62645,CT016SBLXT2UPPRSTCCLRSN,TELEFONO A MIGRAR INCORRECTO O NULO,CT016SBLXT2UPPRSTCCLRSN,TELEFONO A MIGRAR INCORRECTO O NULO,Telefono a migrar incorrecto o nulo,665
62647,CT016SBLXT2UPPRSTCCLRSN,CLIENTE REQUIERE DIRECCIONAMIENTO IP FIJO,CT016SBLXT2UPPRSTCCLRSN,CLIENTE REQUIERE DIRECCIONAMIENTO IP FIJO,Cliente requiere direccionamiento IP fijo,666
62649,CT016SBLXT2UPPRSTCCLRSN,DATOS INCORRECTOS ERROR DE PEDIDO (VENTA POR MIGRACION),CT016SBLXT2UPPRSTCCLRSN,DATOS INCORRECTOS ERROR DE PEDIDO (VENTA POR MIGRACION),Datos incorrectos error de pedido (venta por migracion),667
62651,CT016SBLXT2UPPRSTCCLRSN,IDENTIFICACION DE SERVICIOS MODIFICADOS EN FRONT,CT016SBLXT2UPPRSTCCLRSN,IDENTIFICACION DE SERVICIOS MODIFICADOS EN FRONT,Identificacion de servicios modificados en front,668
62653,CT016SBLXT2UPPRSTCCLRSN,ASIGNACION ERRADA DE DIRECCIONAMIENTO,CT016SBLXT2UPPRSTCCLRSN,ASIGNACION ERRADA DE DIRECCIONAMIENTO,Asignacion errada de direccionamiento,669
62655,CT015ACTFFTH,"FIBRA|HSI,IPTV,IPPBX,STB_ADD_1",CT015ACTFFTH,"FIBRA|HSI,IPTV,IPPBX,STB_ADD_1",F.O. (HSI/IPTV/IPPBX/STB_ADD_1)|Installation of triple play Service with two STBÃ?Â  +1 aditional STB|MPPFTTH|120,670
62657,CT015ACTFFTH,"FIBRA|HSI,IPTV,IPPBX,STB_ADD_2",CT015ACTFFTH,"FIBRA|HSI,IPTV,IPPBX,STB_ADD_2",F.O. (HSI/IPTV/IPPBX/STB_ADD_2)|Installation of triple play Service with two STBÃ?Â  +2 aditional STB|MPPFTTH|120,671
62659,CT015ACTFFTH,"COBRE|HSI,VOIP,LB,XDSL,IP",CT015ACTFFTH,"COBRE|HSI,VOIP,LB,XDSL,IP",C.U. (HSI/VOIP/LB/XDSL/IP)| Technology Change |MPPXDSL|120,593
62661,CT015ACTFFTH,"COBRE|HSI,VOIP,LB,XDSL,IP,PBX",CT015ACTFFTH,"COBRE|HSI,VOIP,LB,XDSL,IP,PBX",C.U.( HSI/VOIP/LB/XDSL/IP/PBX)|Technology Change with Analog PBX|MPPXDSL|240,594
62663,CT015ACTFFTH,"COBRE|HSI,VOIP,LB,XDSL",CT015ACTFFTH,"COBRE|HSI,VOIP,LB,XDSL",C.U. (HSI/VOIP/LB/XDSL/IP)| Technology Change |MPPXDSL|120,595
62665,CT015ACTFFTH,"COBRE|VOIP,LB,XDSL,IP",CT015ACTFFTH,"COBRE|VOIP,LB,XDSL,IP",C.U. (VOIP/LB/XDSL/IP)| Technology Change |MPPXDSL|120,596
62667,CT015ACTFFTH,"COBRE|VOIP,LB,XDSL,IP,PBX",CT015ACTFFTH,"COBRE|VOIP,LB,XDSL,IP,PBX",C.U.(VOIP/LB/XDSL/IP/PBX)|Technology Change with Analog PBX|MPPXDSL|240,597
62669,CT015ACTFFTH,COBRE|PBX,CT015ACTFFTH,COBRE|PBX,C.U. (PBX)|Actuacion Cobre|MPPXDSL|60,598
62671,CT015ACTFFTH,"COBRE|LB,PBX",CT015ACTFFTH,"COBRE|LB,PBX",C.U. (LB/PBX)|Actuacion Cobre|MPPXDSL|60,599
62673,CT015ACTFFTH,"COBRE|LB,XDSL",CT015ACTFFTH,"COBRE|LB,XDSL",C.U. (LB/XDSL)|Actuacion Cobre|MPPXDSL|60,600
62675,CT015ACTFFTH,"COBRE|LB,XDSL,IP",CT015ACTFFTH,"COBRE|LB,XDSL,IP",C.U. (LB/XDSL/IP)|Actuacion Cobre|MPPXDSL|60,601
62677,CT015ACTFFTH,"COBRE|XDSL,PBX",CT015ACTFFTH,"COBRE|XDSL,PBX",C.U. (XDSL/PBX)|Actuacion Cobre|MPPXDSL|60,602
62679,CT015ACTFFTH,"COBRE|XDSL,PBX,IP",CT015ACTFFTH,"COBRE|XDSL,PBX,IP",C.U. (XDSL/PBX/IP)|Actuacion Cobre|MPPXDSL|60,603
62693,CT015ACTFFTH,"FIBRA|HSI,VOIP,LB,XDSL,IP",CT015ACTFFTH,"FIBRA|HSI,VOIP,LB,XDSL,IP",F.O. (HSI/VOIP/LB/XDSL/IP)| Technology Change |MPPFTTH|120,610
62695,CT015ACTFFTH,"FIBRA|HSI,VOIP,LB,XDSL,IP,PBX",CT015ACTFFTH,"FIBRA|HSI,VOIP,LB,XDSL,IP,PBX",F.O. (HSI/VOIP/LB/XDSL/IP/PBX)|Technology Change with Analog PBX|MPPFTTH_POS|240,611
62697,CT015ACTFFTH,"FIBRA|HSI,VOIP,LB,XDSL",CT015ACTFFTH,"FIBRA|HSI,VOIP,LB,XDSL",F.O. (HSI/VOIP/LB/XDSL/IP)| Technology Change |MPPFTTH|120,612
62699,CT015ACTFFTH,"FIBRA|VOIP,LB,XDSL,IP",CT015ACTFFTH,"FIBRA|VOIP,LB,XDSL,IP",F.O. (VOIP/LB/XDSL/IP)| Technology Change |MPPFTTH|120,613
64601,CT015ACTFFTH,"FIBRA|VOIP,LB,XDSL,IP,PBX",CT015ACTFFTH,"FIBRA|VOIP,LB,XDSL,IP,PBX",F.O. (VOIP/LB/XDSL/IP/PBX)|Technology Change with Analog PBX|MPPFTTH_POS|240,614
64603,CT015ACTFFTH,"FIBRA|HSI,VOIP,IPTV,VOIP",CT015ACTFFTH,"FIBRA|HSI,VOIP,IPTV,VOIP",F.O. (HSI/VOIP/IPTV/VOIP)|Triple Play Service with 2 VoIP |MPPFTTH|240,615
64605,CT015ACTFFTH,"FIBRA|HSI,IP_FIX,VOIP,IPTV,VOIP",CT015ACTFFTH,"FIBRA|HSI,IP_FIX,VOIP,IPTV,VOIP",F.O. (HSI/IP_FIX/VOIP/IPTV/VOIP)|Triple Play Service with 2 VoIP and IPoA |MPPFTTH_POS|240,616
64607,CT015ACTFFTH,"FIBRA|HSI,IP_FIX,VOIP,VOIP",CT015ACTFFTH,"FIBRA|HSI,IP_FIX,VOIP,VOIP",F.O. (HSI/IP_FIX/VOIP/VOIP)|Duo Play Service with 2 VoIP and IPoA |MPPFTTH|240,617
64609,CT015ACTFFTH,"FIBRA|VOIP,VOIP",CT015ACTFFTH,"FIBRA|VOIP,VOIP",F.O. (VOIP/VOIP)|Single Play Service with 2 VoIP | MPPFTTH |120,618
64611,CT015ACTFFTH,"FIBRA|HSI,VOIP,VOIP",CT015ACTFFTH,"FIBRA|HSI,VOIP,VOIP",F.O. (HSI/IP_FIX/VOIP/VOIP)|Duo Play Service with 2 VoIP |MPPFTTH|240,619
64613,CT015ACTFFTH,FIBRA|HSI,CT015ACTFFTH,FIBRA|HSI,F.O. (HSI)|Installation of HSI Service|MPPFTTH|60,620
64615,CT015ACTFFTH,FIBRA|IPTV,CT015ACTFFTH,FIBRA|IPTV,F.O. (IPTV)|Installation of IPTV Service with two STB's|MPPFTTH|60,621
44901,CT013SBLXT3QRYRVCTD,CC,CT013SBLXT3QRYRVCTD,CC,CC,557
44903,CT013SBLXT3QRYRVCTD,Cedula de extranjeria,CT013SBLXT3QRYRVCTD,Cedula de extranjeria,CE,558
44905,CT013SBLXT3QRYRVCTD,NIT,CT013SBLXT3QRYRVCTD,NIT,NIT,559
44907,CT013SBLXT3QRYRVCTD,Cedula de ciudadania,CT013SBLXT3QRYRVCTD,Cedula de ciudadania,CC,560
64619,CT015ACTFFTH,FIBRA|IPPBX,CT015ACTFFTH,FIBRA|IPPBX,F.O. (IPPBX)|Installation of IPPBX Service|MPPFTTH|60,623
64617,CT015ACTFFTH,FIBRA|VOIP,CT015ACTFFTH,FIBRA|VOIP,F.O. (VOIP)|Installation of VoIP Service|MPPFTTH|60,622
64639,CT015ACTFFTH,"FIBRA|VOIP,IPTV",CT015ACTFFTH,"FIBRA|VOIP,IPTV",F.O. (VOIP/IPTV)|Installation of duo service|MPPFTTH|120,633
64641,CT015ACTFFTH,"FIBRA|IPTV,IPPBX",CT015ACTFFTH,"FIBRA|IPTV,IPPBX",F.O. (IPTV/IPPBX)|Installation of duo service|MPPFTTH|120,634
64643,CT015ACTFFTH,"FIBRA|HSI,IP_FIX,IPTV",CT015ACTFFTH,"FIBRA|HSI,IP_FIX,IPTV",F.O. (HSI/IP_FIX/IPTV)|Installation of duo play service with fix IP and two STB|MPPFTTH|120,635
64645,CT015ACTFFTH,"FIBRA|HSI,IPTV,STB_ADD_1",CT015ACTFFTH,"FIBRA|HSI,IPTV,STB_ADD_1",F.O. (HSI/IPTV/STB_ADD_1)|Installation of duo play service with two STB+ 1 aditional STB|MPPFTTH|120,636
64647,CT015ACTFFTH,"FIBRA|HSI,IPTV,STB_ADD_2",CT015ACTFFTH,"FIBRA|HSI,IPTV,STB_ADD_2",F.O. (HSI/IPTV/STB_ADD_2)|Installation of duo play service with two STB+ 2 aditional STB|MPPFTTH|120,637
64649,CT015ACTFFTH,"FIBRA|HSI,IPTV,STB_ADD_3",CT015ACTFFTH,"FIBRA|HSI,IPTV,STB_ADD_3",F.O. (HSI/IPTV/STB_ADD_3)|Installation of duo play service with two STB+ 3 aditional STB|MPPFTTH|120,638
64651,CT015ACTFFTH,"FIBRA|HSI,IPTV,STB_ADD_4",CT015ACTFFTH,"FIBRA|HSI,IPTV,STB_ADD_4",F.O. (HSI/IPTV/STB_ADD_4)|Installation of duo play service with two STB+ 4 aditional STB|MPPFTTH|120,639
64653,CT015ACTFFTH,"FIBRA|HSI,VOIP,IPTV",CT015ACTFFTH,"FIBRA|HSI,VOIP,IPTV",F.O. (HSI/VOIP/IPTV)|Installation of triple play Service|MPPFTTH|120,640
64655,CT015ACTFFTH,"FIBRA|HSI,IPTV,IPPBX",CT015ACTFFTH,"FIBRA|HSI,IPTV,IPPBX",F.O. (HSI/IPTV/IPPBX)|Installation of triple play Service|MPPFTTH|120,641
64657,CT015ACTFFTH,"FIBRA|HSI,IP_FIX,IPTV,STB_ADD_1",CT015ACTFFTH,"FIBRA|HSI,IP_FIX,IPTV,STB_ADD_1",F.O. (HSI/IP_FIX/IPTV/STB_ADD_1)|Installation of duo play service with fix IP and two STB +1 aditional STB|MPPFTTH|120,642
70807,CT005RVCTXFAGCIU,25290,CT005RVCTXFAGCIU,25290,001,709
70809,CT005RVCTXFAGCIU,25473,CT005RVCTXFAGCIU,25473,001,710
70811,CT005RVCTXFAGCIU,25740,CT005RVCTXFAGCIU,25740,001,711
70813,CT005RVCTXFAGCIU,25743,CT005RVCTXFAGCIU,25743,001,712
70815,CT005RVCTXFAGCIU,25758,CT005RVCTXFAGCIU,25758,001,713
70817,CT005RVCTXFAGCIU,25785,CT005RVCTXFAGCIU,25785,001,714
71039,CT015ACTFFTH,"FIBRA|HSI,IP_FIX,VOIP,IPTV,IPPBX,STB_ADD_4",CT015ACTFFTH,"FIBRA|HSI,IP_FIX,VOIP,IPTV,IPPBX,STB_ADD_4",F.O. (HSI/IP_FIX/VOIP/IPTV/IPPBX)|Upgrade or Downgrade VoIP from to IPPBX on trio play Services with 4 additional STB|MPPFTTH_POS|240,773
71041,CT015ACTFFTH,"FIBRA|HSI,VOIP,IPPBX",CT015ACTFFTH,"FIBRA|HSI,VOIP,IPPBX",F.O. (HSI/VOIP/IPPBX)|Upgrade or Downgrade VoIP from to IPPBX on duo play Services|MPPFTTH_POS|240,774
71043,CT015ACTFFTH,"FIBRA|HSI,VOIP,IPTV,IPPBX,STB_ADD_1",CT015ACTFFTH,"FIBRA|HSI,VOIP,IPTV,IPPBX,STB_ADD_1",F.O. (HSI/VOIP/IPTV/IPPBX/STB_ADD_1)|Upgrade or Downgrade VoIP from to IPPBX on trio play Services with 1 additional STB|MPPFTTH_POS|240,775
71045,CT015ACTFFTH,"FIBRA|HSI,VOIP,IPTV,IPPBX,STB_ADD_2",CT015ACTFFTH,"FIBRA|HSI,VOIP,IPTV,IPPBX,STB_ADD_2",F.O. (HSI/VOIP/IPTV/IPPBX/STB_ADD_2)|Upgrade or Downgrade VoIP from to IPPBX on trio play Services with 2 additional STB|MPPFTTH_POS|240,776
71047,CT015ACTFFTH,"FIBRA|HSI,VOIP,IPTV,IPPBX,STB_ADD_3",CT015ACTFFTH,"FIBRA|HSI,VOIP,IPTV,IPPBX,STB_ADD_3",F.O. (HSI/VOIP/IPTV/IPPBX/STB_ADD_3)|Upgrade or Downgrade VoIP from to IPPBX on trio play Services with 3 additional STB|MPPFTTH_POS|240,777
71049,CT015ACTFFTH,"FIBRA|HSI,VOIP,IPTV,IPPBX,STB_ADD_4",CT015ACTFFTH,"FIBRA|HSI,VOIP,IPTV,IPPBX,STB_ADD_4",F.O. (HSI/VOIP/IPTV/IPPBX/STB_ADD_3)|Upgrade or Downgrade VoIP from to IPPBX on trio play Services with 4 additional STB|MPPFTTH_POS|240,778
71051,CT015ACTFFTH,"FIBRA|HSI,VOIP,IPTV,IPPBX",CT015ACTFFTH,"FIBRA|HSI,VOIP,IPTV,IPPBX",F.O. (HSI/VOIP/IPTV/IPPBX)|Upgrade or Downgrade VoIP from to IPPBX on trio play Services|MPPFTTH_POS|240,779
71053,CT015ACTFFTH,"FIBRA|HSI,VOIP,LB",CT015ACTFFTH,"FIBRA|HSI,VOIP,LB",F.O. (HSI/VOIP/LB)|Technology change standard for Duo play services|MPPFTTH|120,780
74709,CT017DIST,E,CT017DIST,E,A 500m,788
74711,CT017DIST,F,CT017DIST,F,A 600m,789
74713,CT017DIST,G,CT017DIST,G,A 700m,790
74715,CT017DIST,H,CT017DIST,H,A 800m,791
76601,CT017DIST,J,CT017DIST,J,A 1000m,795
76603,CT017DIST,I,CT017DIST,I,A 900m,796
78603,CT016SBLXT2UPPRSTCCLRSN,FALLA EN BLOQUE SECUNDARIO DE ARMARIO - REASIGNAR,CT016SBLXT2UPPRSTCCLRSN,FALLA EN BLOQUE SECUNDARIO DE ARMARIO - REASIGNAR,FALLA EN BLOQUE SECUNDARIO DE ARMARIO,813
78601,CT016SBLXT2UPPRSTCCLRSN,FALLA EN BLOQUE PRIMARIO DE ARMARIO - REASIGNAR,CT016SBLXT2UPPRSTCCLRSN,FALLA EN BLOQUE PRIMARIO DE ARMARIO - REASIGNAR,FALLA EN BLOQUE PRIMARIO DE ARMARIO,812
108733,CT016SCHORDIND,|HSI-UPDATE|IP_FIX-DELETE|VOIP-ADD|IPTV-ADD|STB-ADD|,CT016SCHORDIND,|HSI-UPDATE|IP_FIX-DELETE|VOIP-ADD|IPTV-ADD|STB-ADD|,SI| IP_FIX  =>IPTV  IP VOIP|NO,1616
108735,CT016SCHORDIND,|HSI-UPDATE|IP_FIX--|VOIP-ADD|IPTV-ADD|STB-ADD|,CT016SCHORDIND,|HSI-UPDATE|IP_FIX--|VOIP-ADD|IPTV-ADD|STB-ADD|,SI| IP_FIX  =>IPTV IP_FIX  VOIP|NO,1617
108737,CT016SCHORDIND,|VOIP-ADD|IPTV-DELETE|STB-DELETE|,CT016SCHORDIND,|VOIP-ADD|IPTV-DELETE|STB-DELETE|,NO| |SI,1618
108739,CT016SCHORDIND,|HSI-ADD|VOIP-ADD|IPTV-DELETE|STB-DELETE|,CT016SCHORDIND,|HSI-ADD|VOIP-ADD|IPTV-DELETE|STB-DELETE|,NO|  IPTV =>  IP LB  |NO,1619
108741,CT016SCHORDIND,|HSI-ADD|IP_FIX-ADD|VOIP-ADD|IPTV-DELETE|STB-DELETE|,CT016SCHORDIND,|HSI-ADD|IP_FIX-ADD|VOIP-ADD|IPTV-DELETE|STB-DELETE|,SI|IPTV   => IP_FIX  VOIP|SI,1620
108743,CT016SCHORDIND,|VOIP-ADD|IPTV-UPDATE|STB--|,CT016SCHORDIND,|VOIP-ADD|IPTV-UPDATE|STB--|,NO| |NO,1621
108745,CT016SCHORDIND,|HSI-ADD|VOIP-ADD|IPTV-UPDATE|STB--|,CT016SCHORDIND,|HSI-ADD|VOIP-ADD|IPTV-UPDATE|STB--|,NO| |NO,1622
108747,CT016SCHORDIND,|HSI-ADD|IP_FIX-ADD|VOIP-ADD|IPTV-UPDATE|STB--|,CT016SCHORDIND,|HSI-ADD|IP_FIX-ADD|VOIP-ADD|IPTV-UPDATE|STB--|,SI|IPTV   =>IPTV IP_FIX  VOIP|NO,1623
108749,CT016SCHORDIND,|HSI-DELETE|VOIP-ADD|IPTV-DELETE|STB-DELETE|,CT016SCHORDIND,|HSI-DELETE|VOIP-ADD|IPTV-DELETE|STB-DELETE|,NO| |SI,1624
108751,CT016SCHORDIND,|HSI-UPDATE|VOIP-ADD|IPTV-DELETE|STB-DELETE|,CT016SCHORDIND,|HSI-UPDATE|VOIP-ADD|IPTV-DELETE|STB-DELETE|,NO| |SI,1625
108753,CT016SCHORDIND,|HSI-UPDATE|IP_FIX-ADD|VOIP-ADD|IPTV-DELETE|STB-DELETE|,CT016SCHORDIND,|HSI-UPDATE|IP_FIX-ADD|VOIP-ADD|IPTV-DELETE|STB-DELETE|,SI|IPTV  IP => IP_FIX  VOIP|SI,1626
108755,CT016SCHORDIND,|HSI-DELETE|VOIP-ADD|IPTV-UPDATE|STB--|,CT016SCHORDIND,|HSI-DELETE|VOIP-ADD|IPTV-UPDATE|STB--|,NO| |SI,1627
108757,CT016SCHORDIND,|HSI-UPDATE|VOIP-ADD|IPTV-UPDATE|STB--|,CT016SCHORDIND,|HSI-UPDATE|VOIP-ADD|IPTV-UPDATE|STB--|,NO| |NO,1628
108759,CT016SCHORDIND,|HSI-UPDATE|IP_FIX-ADD|VOIP-ADD|IPTV-UPDATE|STB--|,CT016SCHORDIND,|HSI-UPDATE|IP_FIX-ADD|VOIP-ADD|IPTV-UPDATE|STB--|,SI|IPTV  IP =>IPTV IP_FIX  VOIP|NO,1629
108761,CT016SCHORDIND,|HSI-DELETE|IP_FIX-DELETE|VOIP-ADD|IPTV-DELETE|STB-DELETE|,CT016SCHORDIND,|HSI-DELETE|IP_FIX-DELETE|VOIP-ADD|IPTV-DELETE|STB-DELETE|,NO| |SI,1630
108763,CT016SCHORDIND,|HSI-UPDATE|IP_FIX-DELETE|VOIP-ADD|IPTV-DELETE|STB-DELETE|,CT016SCHORDIND,|HSI-UPDATE|IP_FIX-DELETE|VOIP-ADD|IPTV-DELETE|STB-DELETE|,NO| |SI,1631
108765,CT016SCHORDIND,|HSI-UPDATE|IP_FIX--|VOIP-ADD|IPTV-DELETE|STB-DELETE|,CT016SCHORDIND,|HSI-UPDATE|IP_FIX--|VOIP-ADD|IPTV-DELETE|STB-DELETE|,NO| |SI,1632
108767,CT016SCHORDIND,|HSI-DELETE|IP_FIX-DELETE|VOIP-ADD|IPTV-UPDATE|STB--|,CT016SCHORDIND,|HSI-DELETE|IP_FIX-DELETE|VOIP-ADD|IPTV-UPDATE|STB--|,NO| |SI,1633
108769,CT016SCHORDIND,|HSI-UPDATE|IP_FIX-DELETE|VOIP-ADD|IPTV-UPDATE|STB--|,CT016SCHORDIND,|HSI-UPDATE|IP_FIX-DELETE|VOIP-ADD|IPTV-UPDATE|STB--|,NO| |NO,1634
108771,CT016SCHORDIND,|HSI-UPDATE|IP_FIX--|VOIP-ADD|IPTV-UPDATE|STB--|,CT016SCHORDIND,|HSI-UPDATE|IP_FIX--|VOIP-ADD|IPTV-UPDATE|STB--|,NO| |NO,1635
108949,CT016SCHORDIND,|LB-DELETE|XDSL-UPDATE|IPTV-ADD|STB-ADD|,CT016SCHORDIND,|LB-DELETE|XDSL-UPDATE|IPTV-ADD|STB-ADD|,SI|  IP VOIP=>IPTV  IP |NO,1724
108951,CT016SCHORDIND,|LB-UPDATE|XDSL-UPDATE|IPTV-ADD|STB-ADD|,CT016SCHORDIND,|LB-UPDATE|XDSL-UPDATE|IPTV-ADD|STB-ADD|,SI|  IP VOIP=>IPTV  IP VOIP|NO,1725
108953,CT016SCHORDIND,|LB-UPDATE|XDSL-UPDATE|IP-DELETE|IPTV-ADD|STB-ADD|,CT016SCHORDIND,|LB-UPDATE|XDSL-UPDATE|IP-DELETE|IPTV-ADD|STB-ADD|,SI|  IP VOIP=>IPTV IP_FIX  VOIP|NO,1726
108955,CT016SCHORDIND,|XDSL-DELETE|IP-DELETE|,CT016SCHORDIND,|XDSL-DELETE|IP-DELETE|,NO| |SI,1727
108957,CT016SCHORDIND,|LB-ADD|XDSL-UPDATE|IP-DELETE|,CT016SCHORDIND,|LB-ADD|XDSL-UPDATE|IP-DELETE|,NO| |SI,1728
108959,CT016SCHORDIND,|XDSL-UPDATE|IP-DELETE|,CT016SCHORDIND,|XDSL-UPDATE|IP-DELETE|,NO| |NO,1729
108987,CT016SCHORDIND,|LB-DELETE|XDSL-UPDATE|IP-DELETE|IPTV-ADD|STB-ADD|,CT016SCHORDIND,|LB-DELETE|XDSL-UPDATE|IP-DELETE|IPTV-ADD|STB-ADD|,SI| IP_FIX  VOIP=>IPTV  IP |NO,1743
108989,CT016SCHORDIND,|LB-UPDATE|XDSL-ADD|IP-DELETE|IPTV-ADD|STB-ADD|,CT016SCHORDIND,|LB-UPDATE|XDSL-ADD|IP-DELETE|IPTV-ADD|STB-ADD|,SI| IP_FIX  VOIP=>IPTV  IP VOIP|NO,1744
108991,CT016SCHORDIND,|LB-DELETE|XDSL-UPDATE|IP--|IPTV-ADD|STB-ADD|,CT016SCHORDIND,|LB-DELETE|XDSL-UPDATE|IP--|IPTV-ADD|STB-ADD|,SI| IP_FIX  VOIP=>IPTV IP_FIX  |NO,1745
108993,CT016SCHORDIND,|LB-UPDATE|XDSL-UPDATE|IP--|IPTV-ADD|STB-ADD|,CT016SCHORDIND,|LB-UPDATE|XDSL-UPDATE|IP--|IPTV-ADD|STB-ADD|,SI| IP_FIX  VOIP=>IPTV IP_FIX  VOIP|NO,1746
108995,CT016SCHORDIND,|IPTV-DELETE|STB-DELETE|,CT016SCHORDIND,|IPTV-DELETE|STB-DELETE|,NO| |SI,1747
108997,CT016SCHORDIND,|LB-ADD|IPTV-DELETE|STB-DELETE|,CT016SCHORDIND,|LB-ADD|IPTV-DELETE|STB-DELETE|,NO| |SI,1748
108999,CT016SCHORDIND,|XDSL-ADD|IPTV-DELETE|STB-DELETE|,CT016SCHORDIND,|XDSL-ADD|IPTV-DELETE|STB-DELETE|,NO| |SI,1749
109001,CT016SCHORDIND,|LB-ADD|XDSL-ADD|IPTV-DELETE|STB-DELETE|,CT016SCHORDIND,|LB-ADD|XDSL-ADD|IPTV-DELETE|STB-DELETE|,NO| |SI,1750
109003,CT016SCHORDIND,|XDSL-ADD|IP-ADD|IPTV-DELETE|STB-DELETE|,CT016SCHORDIND,|XDSL-ADD|IP-ADD|IPTV-DELETE|STB-DELETE|,SI|IPTV   => IP_FIX  |SI,1751
109005,CT016SCHORDIND,|LB-ADD|XDSL-ADD|IP-ADD|IPTV-DELETE|STB-DELETE|,CT016SCHORDIND,|LB-ADD|XDSL-ADD|IP-ADD|IPTV-DELETE|STB-DELETE|,SI|IPTV   => IP_FIX  VOIP|SI,1752
109007,CT016SCHORDIND,|LB-ADD|IPTV-UPDATE|STB--|,CT016SCHORDIND,|LB-ADD|IPTV-UPDATE|STB--|,NO| |NO,1753
109009,CT016SCHORDIND,|XDSL-ADD|IPTV-UPDATE|STB--|,CT016SCHORDIND,|XDSL-ADD|IPTV-UPDATE|STB--|,NO| |NO,1754
109011,CT016SCHORDIND,|LB-ADD|XDSL-ADD|IPTV-UPDATE|STB--|,CT016SCHORDIND,|LB-ADD|XDSL-ADD|IPTV-UPDATE|STB--|,NO| |NO,1755
109013,CT016SCHORDIND,|XDSL-ADD|IP-ADD|IPTV-UPDATE|STB--|,CT016SCHORDIND,|XDSL-ADD|IP-ADD|IPTV-UPDATE|STB--|,SI|IPTV   =>IPTV IP_FIX  |NO,1756
109015,CT016SCHORDIND,|LB-ADD|XDSL-ADD|IP-ADD|IPTV-UPDATE|STB--|,CT016SCHORDIND,|LB-ADD|XDSL-ADD|IP-ADD|IPTV-UPDATE|STB--|,SI|IPTV   =>IPTV IP_FIX  VOIP|NO,1757
109017,CT016SCHORDIND,|LB-DELETE|IPTV-DELETE|STB-DELETE|,CT016SCHORDIND,|LB-DELETE|IPTV-DELETE|STB-DELETE|,NO| |SI,1758
109019,CT016SCHORDIND,|LB-UPDATE|IPTV-DELETE|STB-DELETE|,CT016SCHORDIND,|LB-UPDATE|IPTV-DELETE|STB-DELETE|,NO| |SI,1759
28107,CT006RMCABPCABP,PERSONA NATURAL,CT006RMCABPCABP,PERSONA NATURAL,0007,523
28109,CT006RMCABPCAKT,PERSONA NATURAL,CT006RMCABPCAKT,PERSONA NATURAL,0020,524
42601,CT010SBLTX2SHRBAG,5,CT010SBLTX2SHRBAG,5,105,534
42603,CT010SBLTX2SHRBAG,10,CT010SBLTX2SHRBAG,10,110,535
42605,CT010SBLTX2SHRBAG,15,CT010SBLTX2SHRBAG,15,115,536
42607,CT010SBLTX2SHRBAG,20,CT010SBLTX2SHRBAG,20,120,537
42609,CT010SBLTX2SHRBAG,25,CT010SBLTX2SHRBAG,25,125,538
42611,CT010SBLTX2SHRBAG,30,CT010SBLTX2SHRBAG,30,130,539
62681,CT015ACTFFTH,"COBRE|XDSL,IP",CT015ACTFFTH,"COBRE|XDSL,IP",C.U. (XDSL/IP)|Actuacion Cobre|MPPXDSL|60,604
62683,CT015ACTFFTH,"COBRE|LB,XDSL,PBX",CT015ACTFFTH,"COBRE|LB,XDSL,PBX",C.U. (LB/XDSL/PBX)|Actuacion Cobre|MPPXDSL|60,605
62685,CT015ACTFFTH,"COBRE|LB,XDSL,IP,PBX",CT015ACTFFTH,"COBRE|LB,XDSL,IP,PBX",C.U. (LB/XDSL/IP/PBX)|Actuacion Cobre|MPPXDSL|60,606
62687,CT015ACTFFTH,COBRE|LB,CT015ACTFFTH,COBRE|LB,C.U. (LB)|Actuacion Cobre|MPPXDSL|60,607
62689,CT015ACTFFTH,COBRE|XDSL,CT015ACTFFTH,COBRE|XDSL,C.U. (XDSL)|Actuacion Cobre|MPPXDSL|60,608
62691,CT015ACTFFTH,"COBRE|XDSL,IP,PBX",CT015ACTFFTH,"COBRE|XDSL,IP,PBX",C.U. (XDSL/IP/PBX)|Actuacion Cobre|MPPXDSL|60,609
64625,CT015ACTFFTH,"FIBRA|HSI,IPTV",CT015ACTFFTH,"FIBRA|HSI,IPTV",F.O. (HSI/IPTV)|Installation of duot play service with two STB's|MPPFTTH|120,626
64627,CT015ACTFFTH,"FIBRA|HSI,VOIP",CT015ACTFFTH,"FIBRA|HSI,VOIP",F.O. (HSI/VOIP)|Installation of duo play service|MPPFTTH|120,627
64629,CT015ACTFFTH,"FIBRA|HSI,IPPBX",CT015ACTFFTH,"FIBRA|HSI,IPPBX",F.O. (HSI/IPPBX)|Installation of duo play service|MPPFTTH|120,628
64631,CT015ACTFFTH,"FIBRA|IPTV,STB_ADD_1",CT015ACTFFTH,"FIBRA|IPTV,STB_ADD_1",F.O. (IPTV/STB_ADD_1)|Installation of duo play service with two STB's + 1 aditional STB|MPPFTTH|120,629
64633,CT015ACTFFTH,"FIBRA|IPTV,STB_ADD_2",CT015ACTFFTH,"FIBRA|IPTV,STB_ADD_2",F.O. (IPTV/STB_ADD_2)|Installation of duo play service with two STB's + 2 aditional STB|MPPFTTH|120,630
64635,CT015ACTFFTH,"FIBRA|IPTV,STB_ADD_3",CT015ACTFFTH,"FIBRA|IPTV,STB_ADD_3",F.O. (IPTV/STB_ADD_3)|Installation of duo play service with two STB's + 3 aditional STB|MPPFTTH|120,631
64637,CT015ACTFFTH,"FIBRA|IPTV,STB_ADD_4",CT015ACTFFTH,"FIBRA|IPTV,STB_ADD_4",F.O. (IPTV/STB_ADD_4)|Installation of duo play service with two STB's + 4 aditional STB|MPPFTTH|120,632
62701,CT005RVCTXFAGCIU,11001,CT005RVCTXFAGCIU,11001,001,700
62703,CT005RVCTXFAGCIU,25126,CT005RVCTXFAGCIU,25126,001,701
70875,CT015ACTFFTH,"FTTC|VOIP,LB,XDSL,IP",CT015ACTFFTH,"FTTC|VOIP,LB,XDSL,IP",FTTC (VOIP/LB/XDSL/IP)|Technology Change|MPPFTTC|120,741
70877,CT015ACTFFTH,"FTTC|VOIP,LB,XDSL,IP,PBX",CT015ACTFFTH,"FTTC|VOIP,LB,XDSL,IP,PBX",FTTC (VOIP/LB/XDSL/IP/PBX)|Technology Change with Analog PBX|MPPFTTC|240,742
70879,CT015ACTFFTH,FTTC|IPTV,CT015ACTFFTH,FTTC|IPTV,FTTC (IPTV)|Installation of IPTV Service with one STB's|ESPIPOAFTTC|60,743
70881,CT015ACTFFTH,FTTC|PLANTA EXTERNA,CT015ACTFFTH,FTTC|PLANTA EXTERNA,PLANTA EXTERNA|External deployment Fiber|MPPFTTC|120,744
70883,CT015ACTFFTH,"FTTC|XDSL,IP",CT015ACTFFTH,"FTTC|XDSL,IP",FTTC (XDSL/IP)|Installation of XDSL Service with Fix IP|ESPIPOAFTTC|120,745
70885,CT015ACTFFTH,"FTTC|IPTV,XDSL",CT015ACTFFTH,"FTTC|IPTV,XDSL",FTTC (IPTV/XDSL)|Installation of duot play service with two STB's|MPPFTTC|120,746
70887,CT015ACTFFTH,"FTTC|XDSL,VOIP",CT015ACTFFTH,"FTTC|XDSL,VOIP",FTTC (XDSL/LB)|Installation of duo play service|MPPFTTC|120,747
70889,CT015ACTFFTH,"FTTC|IPTV,STB_ADD_1",CT015ACTFFTH,"FTTC|IPTV,STB_ADD_1",FTTC (IPTV/STB_ADD_1)|Installation of duo play service with two STB's + 1 aditional STB|MPPFTTC|120,748
73009,CT018REGNEG,arma de fuego,CT018REGNEG,arma de fuego,0,792
73011,CT018REGNEG,arma blanca,CT018REGNEG,arma blanca,1,793
74701,CT017DIST,A,CT017DIST,A,A 100m,784
74703,CT017DIST,B,CT017DIST,B,A 200m,785
74705,CT017DIST,C,CT017DIST,C,A 300m,786
74707,CT017DIST,D,CT017DIST,D,A 400m,787
73301,CT17SXRXORDERSUBTYPE,Suspend,CT17SXRXORDERSUBTYPE,Suspend,Suspension Voluntaria,797
73303,CT17SXRXORDERSUBTYPE,Resume,CT17SXRXORDERSUBTYPE,Resume,Reconexion Voluntaria,798
73305,CT17SXRXORDERTYPE,FTTC|Resume,CT17SXRXORDERTYPE,FTTC|Resume,Tramites Cobre Reconexiones,799
73307,CT17SXRXORDERTYPE,FTTC|Suspend,CT17SXRXORDERTYPE,FTTC|Suspend,Tramites Cobre Suspensiones,800
73309,CT17SXRXORDERTYPE,CU|Resume,CT17SXRXORDERTYPE,CU|Resume,Tramites Cobre Reconexiones,801
73311,CT17SXRXORDERTYPE,COBRE|Suspend,CT17SXRXORDERTYPE,COBRE|Suspend,Tramites Cobre Suspensiones,802
73313,CT17SXRXORDERTYPE,FIBRA|Resume,CT17SXRXORDERTYPE,FIBRA|Resume,Tramites Fibra Reconexiones,803
73315,CT17SXRXORDERTYPE,FIBRA|Suspend,CT17SXRXORDERTYPE,FIBRA|Suspend,Tramites Fibra Suspensiones,804
73317,CT19BILNOTRECEQUIPTYPE,CPE-ONT,CT19BILNOTRECEQUIPTYPE,CPE-ONT,Cargo Cobro ONT,805
73319,CT19BILNOTRECEQUIPTYPE,CPE-STB,CT19BILNOTRECEQUIPTYPE,CPE-STB,Cargo Cobro STB,806
73321,CT19BILNOTRECEQUIPTYPE,CPE-HPNA,CT19BILNOTRECEQUIPTYPE,CPE-HPNA,Cargo Cobro HPNA,807
73323,CT19BILNOTRECEQUIPTYPE,CPE-LAN SWITCH,CT19BILNOTRECEQUIPTYPE,CPE-LAN SWITCH,Cargo Cobro LAN-SWITCH,808
108701,CT016SCHORDIND,|VOIP-ADD|,CT016SCHORDIND,|VOIP-ADD|,SI|   =>   VOIP|NO,1600
108703,CT016SCHORDIND,|HSI-ADD|VOIP-ADD|,CT016SCHORDIND,|HSI-ADD|VOIP-ADD|,SI|   =>  IP VOIP|NO,1601
108705,CT016SCHORDIND,|HSI-ADD|IP_FIX-ADD|VOIP-ADD|,CT016SCHORDIND,|HSI-ADD|IP_FIX-ADD|VOIP-ADD|,SI|   => IP_FIX  VOIP|NO,1602
108707,CT016SCHORDIND,|VOIP-ADD|IPTV-ADD|STB-ADD|,CT016SCHORDIND,|VOIP-ADD|IPTV-ADD|STB-ADD|,SI|   =>IPTV   VOIP|NO,1603
108709,CT016SCHORDIND,|HSI-ADD|VOIP-ADD|IPTV-ADD|STB-ADD|,CT016SCHORDIND,|HSI-ADD|VOIP-ADD|IPTV-ADD|STB-ADD|,SI|   =>IPTV  IP VOIP|NO,1604
108711,CT016SCHORDIND,|HSI-ADD|IP_FIX-ADD|VOIP-ADD|IPTV-ADD|STB-ADD|,CT016SCHORDIND,|HSI-ADD|IP_FIX-ADD|VOIP-ADD|IPTV-ADD|STB-ADD|,SI|   =>IPTV IP_FIX  VOIP|NO,1605
108713,CT016SCHORDIND,|HSI-DELETE|VOIP-ADD|,CT016SCHORDIND,|HSI-DELETE|VOIP-ADD|,NO| |SI,1606
108715,CT016SCHORDIND,|HSI-UPDATE|VOIP-ADD|,CT016SCHORDIND,|HSI-UPDATE|VOIP-ADD|,NO| |NO,1607
108717,CT016SCHORDIND,|HSI-UPDATE|IP_FIX-ADD|VOIP-ADD|,CT016SCHORDIND,|HSI-UPDATE|IP_FIX-ADD|VOIP-ADD|,SI|  IP => IP_FIX  VOIP|NO,1608
22101,CT005RVCTXCCN,CC,CT005RVCTXCCN,CC,Cedula de ciudadania,CCCT005RVCTXCCN
22103,CT005RVCTXFACT,61,CT005RVCTXFACT,61,10,00CT005RVCTXFACT
22105,CT009SBLTXQRYCUNSUBT,Ventas,CT009SBLTXQRYCUNSUBT,Ventas,ALTA,00CT009SBLTXQRYCUNSUBT
22107,CT009SBLTXQRYCUNSUBT,default,CT009SBLTXQRYCUNSUBT,default,POSTVENTA,01CT009SBLTXQRYCUNSUBT
64621,CT015ACTFFTH,FIBRA|PLANTA EXTERNA,CT015ACTFFTH,FIBRA|PLANTA EXTERNA,PLANTA EXTERNA|External deployment Fiber|MPPFTTH|120,624
64623,CT015ACTFFTH,"FIBRA|HSI,IP_FIX",CT015ACTFFTH,"FIBRA|HSI,IP_FIX",F.O. (HSI/IP_FIX)|Installation of HSI Service with Fix IP|MPPFTTH|120,625
70829,CT005RVCTXFAGCIU,25322,CT005RVCTXFAGCIU,25322,001,720
70831,CT005RVCTXFAGCIU,25377,CT005RVCTXFAGCIU,25377,001,721
70833,CT005RVCTXFAGCIU,25386,CT005RVCTXFAGCIU,25386,001,722
70835,CT005RVCTXFAGCIU,25307,CT005RVCTXFAGCIU,25307,001,723
70891,CT015ACTFFTH,"FTTC|IPTV,STB_ADD_2",CT015ACTFFTH,"FTTC|IPTV,STB_ADD_2",FTTC (IPTV/STB_ADD_2)|Installation of duo play service with two STB's + 2 aditional STB|MPPFTTC|120,749
70893,CT015ACTFFTH,"FTTC|IPTV,STB_ADD_3",CT015ACTFFTH,"FTTC|IPTV,STB_ADD_3",FTTC (IPTV/STB_ADD_3)|Installation of duo play service with two STB's + 3 aditional STB|MPPFTTC|120,750
70895,CT015ACTFFTH,"FTTC|IPTV,LB",CT015ACTFFTH,"FTTC|IPTV,LB",FTTC (IPTV/LB)|Installation of duo service|MPPFTTC|120,751
70897,CT015ACTFFTH,"FTTC|IPTV,XDSL,IP",CT015ACTFFTH,"FTTC|IPTV,XDSL,IP",FTTC (IPTV/XDSL/IP)|Installation of duo play service with fix IP and two STB|ESPIPOAFTTC|120,752
70899,CT015ACTFFTH,"FTTC|IPTV,XDSL,STB_ADD_1",CT015ACTFFTH,"FTTC|IPTV,XDSL,STB_ADD_1",FTTC (IPTV/XDSL/STB_ADD_1)|Installation of duo play service with two STB+ 1 aditional STB|MPPFTTC|120,753
71001,CT015ACTFFTH,"FTTC|IPTV,XDSL,STB_ADD_2",CT015ACTFFTH,"FTTC|IPTV,XDSL,STB_ADD_2",FTTC (IPTV/XDSL/STB_ADD_2)|Installation of duo play service with two STB+ 2 aditional STB|MPPFTTC|120,754
71003,CT015ACTFFTH,"FTTC|IPTV,XDSL,STB_ADD_3",CT015ACTFFTH,"FTTC|IPTV,XDSL,STB_ADD_3",FTTC (IPTV/XDSL/STB_ADD_3)|Installation of duo play service with two STB+ 3 aditional STB|MPPFTTC|120,755
71005,CT015ACTFFTH,"FTTC|IPTV,LB,XDSL",CT015ACTFFTH,"FTTC|IPTV,LB,XDSL",FTTC (IPTV/LB/XDSL)|Installation of triple play Service|ESPIPOAFTTC|120,756
71007,CT015ACTFFTH,"FTTC|IPTV,XDSL,IP,STB_ADD_1",CT015ACTFFTH,"FTTC|IPTV,XDSL,IP,STB_ADD_1",FTTC (IPTV/XDSL/IP/STB_ADD_1)|Installation of duo play service with fix IP and two STB +1 aditional STB|ESPIPOAFTTC|120,757
71009,CT015ACTFFTH,"FTTC|IPTV,XDSL,IP,STB_ADD_2",CT015ACTFFTH,"FTTC|IPTV,XDSL,IP,STB_ADD_2",FTTC (IPTV/XDSL/IP/STB_ADD_2)|Installation of duo play service with fix IP and two STB +2 aditional STB|ESPIPOAFTTC|120,758
71011,CT015ACTFFTH,"FTTC|IPTV,XDSL,IP,STB_ADD_3",CT015ACTFFTH,"FTTC|IPTV,XDSL,IP,STB_ADD_3",FTTC (IPTV/XDSL/IP/STB_ADD_3)|Installation of duo play service with fix IP and two STB +3 aditional STB|ESPIPOAFTTC|120,759
71013,CT015ACTFFTH,"FTTC|IPTV,LB,XDSL,IP",CT015ACTFFTH,"FTTC|IPTV,LB,XDSL,IP",FTTC (IPTV/LB/XDSL/IP)|Installation of triple play Service with fix IP and two STB|ESPIPOAFTTC|120,760
71015,CT015ACTFFTH,FTTC|STB_ADD_1,CT015ACTFFTH,FTTC|STB_ADD_1,FTTC (STB_ADD_1)|Installation of 1 aditional STB|MPPFTTC|60,761
71017,CT015ACTFFTH,FTTC|STB_ADD_2,CT015ACTFFTH,FTTC|STB_ADD_2,FTTC (STB_ADD_2)|Installation of 2 aditional STB|MPPFTTC|60,762
71019,CT015ACTFFTH,FTTC|STB_ADD_3,CT015ACTFFTH,FTTC|STB_ADD_3,FTTC (STB_ADD_3)|Installation of 3 aditional STB|MPPFTTC|60,763
71021,CT015ACTFFTH,"FTTC|LB,XDSL,IP",CT015ACTFFTH,"FTTC|LB,XDSL,IP",FTTC (LB/XDSL/IP)| Installation of duo play service with fix IP|ESPIPOAFTTC|120,764
71023,CT015ACTFFTH,"FTTC|LB,XDSL",CT015ACTFFTH,"FTTC|LB,XDSL",FTTC (LB/XDSL)|Actuacion Cobre|ESPFTTC|60,765
73325,CT19BILNOTRECEQUIPTYPE,CPE-IPPHONE,CT19BILNOTRECEQUIPTYPE,CPE-IPPHONE,Cargo Cobro IPPHONE,809
73327,CT19BILNOTRECEQUIPTYPE,CPE-VDSL2,CT19BILNOTRECEQUIPTYPE,CPE-VDSL2,Cargo Cobro CPE,811
73329,CT19BILNOTRECEQUIPTYPE,CPE-DSL,CT19BILNOTRECEQUIPTYPE,CPE-DSL,Cargo Cobro CPE,810
108719,CT016SCHORDIND,|HSI-DELETE|VOIP-ADD|IPTV-ADD|STB-ADD|,CT016SCHORDIND,|HSI-DELETE|VOIP-ADD|IPTV-ADD|STB-ADD|,SI|  IP =>IPTV   VOIP|SI,1609
108721,CT016SCHORDIND,|HSI-UPDATE|VOIP-ADD|IPTV-ADD|STB-ADD|,CT016SCHORDIND,|HSI-UPDATE|VOIP-ADD|IPTV-ADD|STB-ADD|,SI|  IP =>IPTV  IP VOIP|NO,1610
108723,CT016SCHORDIND,|HSI-UPDATE|IP_FIX-ADD|VOIP-ADD|IPTV-ADD|STB-ADD|,CT016SCHORDIND,|HSI-UPDATE|IP_FIX-ADD|VOIP-ADD|IPTV-ADD|STB-ADD|,SI|  IP =>IPTV IP_FIX  VOIP|NO,1611
108725,CT016SCHORDIND,|HSI-DELETE|IP_FIX-DELETE|VOIP-ADD|,CT016SCHORDIND,|HSI-DELETE|IP_FIX-DELETE|VOIP-ADD|,NO| |SI,1612
108727,CT016SCHORDIND,|HSI-UPDATE|IP_FIX-DELETE|VOIP-ADD|,CT016SCHORDIND,|HSI-UPDATE|IP_FIX-DELETE|VOIP-ADD|,NO| |NO,1613
108729,CT016SCHORDIND,|HSI-UPDATE|IP_FIX--|VOIP-ADD|,CT016SCHORDIND,|HSI-UPDATE|IP_FIX--|VOIP-ADD|,NO| |NO,1614
108731,CT016SCHORDIND,|HSI-DELETE|IP_FIX-DELETE|VOIP-ADD|IPTV-ADD|STB-ADD|,CT016SCHORDIND,|HSI-DELETE|IP_FIX-DELETE|VOIP-ADD|IPTV-ADD|STB-ADD|,SI| IP_FIX  =>IPTV   VOIP|SI,1615
108791,CT016SCHORDIND,|HSI-DELETE|VOIP-ADD|IPTV-ADD|VOIP-ADD|STB-ADD|,CT016SCHORDIND,|HSI-DELETE|VOIP-ADD|IPTV-ADD|VOIP-ADD|STB-ADD|,SI|   IP =>IPTV   VOIPx2|SI,1645
108793,CT016SCHORDIND,|HSI-UPDATE|VOIP-ADD|IPTV-ADD|VOIP-ADD|STB-ADD|,CT016SCHORDIND,|HSI-UPDATE|VOIP-ADD|IPTV-ADD|VOIP-ADD|STB-ADD|,SI|   =>IPTV IP_FIX  VOIPx2|NO,1646
108795,CT016SCHORDIND,|HSI-UPDATE|IP_FIX-ADD|VOIP-ADD|IPTV-ADD|VOIP-ADD|STB-ADD|,CT016SCHORDIND,|HSI-UPDATE|IP_FIX-ADD|VOIP-ADD|IPTV-ADD|VOIP-ADD|STB-ADD|,SI|   =>IPTV IP_FIX  VOIPx2|NO,1647
108797,CT016SCHORDIND,|HSI-DELETE|IP_FIX-DELETE|VOIP-ADD|VOIP-ADD|,CT016SCHORDIND,|HSI-DELETE|IP_FIX-DELETE|VOIP-ADD|VOIP-ADD|,NO| |SI,1648
108799,CT016SCHORDIND,|HSI-UPDATE|IP_FIX-DELETE|VOIP-ADD|VOIP-ADD|,CT016SCHORDIND,|HSI-UPDATE|IP_FIX-DELETE|VOIP-ADD|VOIP-ADD|,NO| |NO,1649
108801,CT016SCHORDIND,|HSI-UPDATE|IP_FIX--|VOIP-ADD|VOIP-ADD|,CT016SCHORDIND,|HSI-UPDATE|IP_FIX--|VOIP-ADD|VOIP-ADD|,NO| |NO,1650
108803,CT016SCHORDIND,|HSI-DELETE|IP_FIX-DELETE|VOIP-ADD|IPTV-ADD|VOIP-ADD|STB-ADD|,CT016SCHORDIND,|HSI-DELETE|IP_FIX-DELETE|VOIP-ADD|IPTV-ADD|VOIP-ADD|STB-ADD|,SI|   IP_FIX => IPTV   VOIPx2|SI,1651
108805,CT016SCHORDIND,|HSI-UPDATE|IP_FIX-DELETE|VOIP-ADD|IPTV-ADD|VOIP-ADD|STB-ADD|,CT016SCHORDIND,|HSI-UPDATE|IP_FIX-DELETE|VOIP-ADD|IPTV-ADD|VOIP-ADD|STB-ADD|,SI|   =>IPTV IP_FIX  VOIPx2|NO,1652
108807,CT016SCHORDIND,|HSI-UPDATE|IP_FIX--|VOIP-ADD|IPTV-ADD|VOIP-ADD|STB-ADD|,CT016SCHORDIND,|HSI-UPDATE|IP_FIX--|VOIP-ADD|IPTV-ADD|VOIP-ADD|STB-ADD|,SI|   =>IPTV  VOIPx2|NO,1653
108809,CT016SCHORDIND,|VOIP-ADD|IPTV-DELETE|VOIP-ADD|STB-DELETE|,CT016SCHORDIND,|VOIP-ADD|IPTV-DELETE|VOIP-ADD|STB-DELETE|,NO| |SI,1654
108811,CT016SCHORDIND,|HSI-ADD|VOIP-ADD|IPTV-DELETE|VOIP-ADD|STB-DELETE|,CT016SCHORDIND,|HSI-ADD|VOIP-ADD|IPTV-DELETE|VOIP-ADD|STB-DELETE|,NO| |SI,1655
108813,CT016SCHORDIND,|HSI-ADD|IP_FIX-ADD|VOIP-ADD|IPTV-DELETE|VOIP-ADD|STB-DELETE|,CT016SCHORDIND,|HSI-ADD|IP_FIX-ADD|VOIP-ADD|IPTV-DELETE|VOIP-ADD|STB-DELETE|,NO| |SI,1656
108815,CT016SCHORDIND,|VOIP-ADD|IPTV-UPDATE|VOIP-ADD|STB--|,CT016SCHORDIND,|VOIP-ADD|IPTV-UPDATE|VOIP-ADD|STB--|,NO| |NO,1657
108817,CT016SCHORDIND,|HSI-ADD|VOIP-ADD|IPTV-UPDATE|VOIP-ADD|STB--|,CT016SCHORDIND,|HSI-ADD|VOIP-ADD|IPTV-UPDATE|VOIP-ADD|STB--|,NO| |NO,1658
108819,CT016SCHORDIND,|HSI-ADD|IP_FIX-ADD|VOIP-ADD|IPTV-UPDATE|VOIP-ADD|STB--|,CT016SCHORDIND,|HSI-ADD|IP_FIX-ADD|VOIP-ADD|IPTV-UPDATE|VOIP-ADD|STB--|,NO| |NO,1659
108821,CT016SCHORDIND,|HSI-DELETE|VOIP-ADD|IPTV-DELETE|VOIP-ADD|STB-DELETE|,CT016SCHORDIND,|HSI-DELETE|VOIP-ADD|IPTV-DELETE|VOIP-ADD|STB-DELETE|,NO| |SI,1660
108823,CT016SCHORDIND,|HSI-UPDATE|VOIP-ADD|IPTV-DELETE|VOIP-ADD|STB-DELETE|,CT016SCHORDIND,|HSI-UPDATE|VOIP-ADD|IPTV-DELETE|VOIP-ADD|STB-DELETE|,NO| |SI,1661
108825,CT016SCHORDIND,|HSI-UPDATE|IP_FIX-ADD|VOIP-ADD|IPTV-DELETE|VOIP-ADD|STB-DELETE|,CT016SCHORDIND,|HSI-UPDATE|IP_FIX-ADD|VOIP-ADD|IPTV-DELETE|VOIP-ADD|STB-DELETE|,NO| |SI,1662
108827,CT016SCHORDIND,|HSI-DELETE|VOIP-ADD|IPTV-UPDATE|VOIP-ADD|STB--|,CT016SCHORDIND,|HSI-DELETE|VOIP-ADD|IPTV-UPDATE|VOIP-ADD|STB--|,NO| |SI,1663
108829,CT016SCHORDIND,|HSI-UPDATE|VOIP-ADD|IPTV-UPDATE|VOIP-ADD|STB--|,CT016SCHORDIND,|HSI-UPDATE|VOIP-ADD|IPTV-UPDATE|VOIP-ADD|STB--|,NO| |NO,1664
108831,CT016SCHORDIND,|HSI-UPDATE|IP_FIX-ADD|VOIP-ADD|IPTV-UPDATE|VOIP-ADD|STB--|,CT016SCHORDIND,|HSI-UPDATE|IP_FIX-ADD|VOIP-ADD|IPTV-UPDATE|VOIP-ADD|STB--|,NO| |NO,1665
108833,CT016SCHORDIND,|HSI-DELETE|IP_FIX-DELETE|VOIP-ADD|IPTV-DELETE|VOIP-ADD|STB-DELETE|,CT016SCHORDIND,|HSI-DELETE|IP_FIX-DELETE|VOIP-ADD|IPTV-DELETE|VOIP-ADD|STB-DELETE|,NO| |SI,1666
108835,CT016SCHORDIND,|HSI-UPDATE|IP_FIX-DELETE|VOIP-ADD|IPTV-DELETE|VOIP-ADD|STB-DELETE|,CT016SCHORDIND,|HSI-UPDATE|IP_FIX-DELETE|VOIP-ADD|IPTV-DELETE|VOIP-ADD|STB-DELETE|,NO| |SI,1667
108837,CT016SCHORDIND,|HSI-UPDATE|IP_FIX--|VOIP-ADD|IPTV-DELETE|VOIP-ADD|STB-DELETE|,CT016SCHORDIND,|HSI-UPDATE|IP_FIX--|VOIP-ADD|IPTV-DELETE|VOIP-ADD|STB-DELETE|,NO| |SI,1668
108839,CT016SCHORDIND,|HSI-DELETE|IP_FIX-DELETE|VOIP-ADD|IPTV-UPDATE|VOIP-ADD|STB--|,CT016SCHORDIND,|HSI-DELETE|IP_FIX-DELETE|VOIP-ADD|IPTV-UPDATE|VOIP-ADD|STB--|,NO| |SI,1669
108841,CT016SCHORDIND,|HSI-UPDATE|IP_FIX-DELETE|VOIP-ADD|IPTV-UPDATE|VOIP-ADD|STB--|,CT016SCHORDIND,|HSI-UPDATE|IP_FIX-DELETE|VOIP-ADD|IPTV-UPDATE|VOIP-ADD|STB--|,NO| |NO,1670
108843,CT016SCHORDIND,|HSI-UPDATE|IP_FIX--|VOIP-ADD|IPTV-UPDATE|VOIP-ADD|STB--|,CT016SCHORDIND,|HSI-UPDATE|IP_FIX--|VOIP-ADD|IPTV-UPDATE|VOIP-ADD|STB--|,NO| |NO,1671
108845,CT016SCHORDIND,|HSI-ADD|IP_FIX-ADD|IPPBX-ADD|,CT016SCHORDIND,|HSI-ADD|IP_FIX-ADD|IPPBX-ADD|,SI|   =>IP IP_FIX PBXIP|NO,1672
108847,CT016SCHORDIND,|HSI-ADD|IP_FIX-ADD|IPTV-ADD|IPPBX-ADD|STB-ADD|,CT016SCHORDIND,|HSI-ADD|IP_FIX-ADD|IPTV-ADD|IPPBX-ADD|STB-ADD|,SI|   =>IP IP_FIX IPTV PBXIP|NO,1673
108849,CT016SCHORDIND,|HSI-UPDATE|IP_FIX--|VOIP-DELETE|IPTV--|IPPBX-ADD|,CT016SCHORDIND,|HSI-UPDATE|IP_FIX--|VOIP-DELETE|IPTV--|IPPBX-ADD|,SI|VOIP => PBXIP|SI,1674
108851,CT016SCHORDIND,|HSI-UPDATE|IP_FIX--|VOIP-ADD|IPTV--|IPPBX-DELETE|,CT016SCHORDIND,|HSI-UPDATE|IP_FIX--|VOIP-ADD|IPTV--|IPPBX-DELETE|,SI|PBXIP => VOIP|NO,1675
108853,CT016SCHORDIND,|HSI-UPDATE|VOIP-UPDATE|IPTV-UPDATE|VOIP-UPDATE|STB-ADD|STB--|,CT016SCHORDIND,|HSI-UPDATE|VOIP-UPDATE|IPTV-UPDATE|VOIP-UPDATE|STB-ADD|STB--|,SI|  => STB|NO,1676
108855,CT016SCHORDIND,|HSI-UPDATE|VOIP-UPDATE|IPTV-UPDATE|VOIP-DELETE|STB--|,CT016SCHORDIND,|HSI-UPDATE|VOIP-UPDATE|IPTV-UPDATE|VOIP-DELETE|STB--|,NO| |SI,1677
108857,CT016SCHORDIND,|HSI-UPDATE|VOIP-UPDATE|VOIP-DELETE|,CT016SCHORDIND,|HSI-UPDATE|VOIP-UPDATE|VOIP-DELETE|,NO| |SI,1678
108859,CT016SCHORDIND,|HSI-UPDATE|VOIP-DELETE|VOIP-DELETE|,CT016SCHORDIND,|HSI-UPDATE|VOIP-DELETE|VOIP-DELETE|,NO| |SI,1679
108861,CT016SCHORDIND,|HSI-UPDATE|IP_FIX-ADD|VOIP-DELETE|VOIP-DELETE|,CT016SCHORDIND,|HSI-UPDATE|IP_FIX-ADD|VOIP-DELETE|VOIP-DELETE|,NO| |SI,1680
108863,CT016SCHORDIND,|HSI-DELETE|VOIP-DELETE|IPTV-ADD|VOIP-DELETE|STB-ADD|,CT016SCHORDIND,|HSI-DELETE|VOIP-DELETE|IPTV-ADD|VOIP-DELETE|STB-ADD|,SI|IP VOIPx2 => IPTV|SI,1681
108865,CT016SCHORDIND,|HSI-UPDATE|IP-FIX-DELETE|VOIP-DELETE|IPTV-ADD|VOIP-DELETE|STB-ADD|,CT016SCHORDIND,|HSI-UPDATE|IP-FIX-DELETE|VOIP-DELETE|IPTV-ADD|VOIP-DELETE|STB-ADD|,SI|IP_FIX VOIPx2 => IPTV|SI,1682
120625,CT016SCHORDIND,|XDSL--|IP-DELETE|PBX--|TPBXCO--|,CT016SCHORDIND,|XDSL--|IP-DELETE|PBX--|TPBXCO--|,NO| -IP |SI,1951
120627,CT016SCHORDIND,|XDSL--|IP--|PBX--|TPBXCO-ADD|,CT016SCHORDIND,|XDSL--|IP--|PBX--|TPBXCO-ADD|,NO| +TPBXCO |NO,1952
120629,CT016SCHORDIND,|XDSL--|IP--|PBX--|TPBXCO-DELETE|,CT016SCHORDIND,|XDSL--|IP--|PBX--|TPBXCO-DELETE|,NO| -TPBXCO |SI,1953
120631,CT016SCHORDIND,|XDSL-DELETE|PBX--|TPBXCO--|,CT016SCHORDIND,|XDSL-DELETE|PBX--|TPBXCO--|,NO| XDSL IP PBX => PBX |SI,1954
120633,CT016SCHORDIND,|XDSL-DELETE|IP-DELETE|PBX--|TPBXCO--|,CT016SCHORDIND,|XDSL-DELETE|IP-DELETE|PBX--|TPBXCO--|,NO| XDSL IP PBX => PBX |SI,1955
120635,CT016SCHORDIND,|PBX-DELETE|TPBXCO-DELETE|,CT016SCHORDIND,|PBX-DELETE|TPBXCO-DELETE|,NO| |SI,1956
120637,CT016SCHORDIND,|XDSL--|PBX-DELETE|TPBXCO-DELETE|,CT016SCHORDIND,|XDSL--|PBX-DELETE|TPBXCO-DELETE|,NO| XDSL PBX => XDSL IP |SI,1957
155301,CT016SCHORDIND,|HSI-UPDATE|IPTV-UPDATE|IPPBX-UPDATE|STB--|TPBX-DELETE|,CT016SCHORDIND,|HSI-UPDATE|IPTV-UPDATE|IPPBX-UPDATE|STB--|TPBX-DELETE|,NO| |SI,2100
155303,CT016SCHORDIND,|HSI-UPDATE|IP_FIX--|IPTV-UPDATE|IPPBX-UPDATE|TPBX-DELETE|,CT016SCHORDIND,|HSI-UPDATE|IP_FIX--|IPTV-UPDATE|IPPBX-UPDATE|TPBX-DELETE|,NO| |SI,2101
155305,CT016SCHORDIND,|HSI-UPDATE|IPTV-UPDATE|IPPBX-UPDATE|TPBX-DELETE|,CT016SCHORDIND,|HSI-UPDATE|IPTV-UPDATE|IPPBX-UPDATE|TPBX-DELETE|,NO| |SI,2102
155307,CT016SCHORDIND,|HSI-UPDATE|IP_FIX--|IPPBX-UPDATE|STB--|TPBX-DELETE|,CT016SCHORDIND,|HSI-UPDATE|IP_FIX--|IPPBX-UPDATE|STB--|TPBX-DELETE|,NO| |SI,2103
155309,CT016SCHORDIND,|HSI-UPDATE|IPPBX-UPDATE|STB--|TPBX-DELETE|,CT016SCHORDIND,|HSI-UPDATE|IPPBX-UPDATE|STB--|TPBX-DELETE|,NO| |SI,2104
158917,CT006RMCACARECLAM,Gobierno|Pequena,CT006RMCACARECLAM,Gobierno|Pequena,0006,2114
158919,CT006RMCACARECLAM,Gobierno|Microempresa,CT006RMCACARECLAM,Gobierno|Microempresa,0006,2115
158921,CT006RMCACARECLAM,Empresas|Grande,CT006RMCACARECLAM,Empresas|Grande,0005,2116
158923,CT006RMCACARECLAM,Empresas|Pequena,CT006RMCACARECLAM,Empresas|Pequena,0003,2117
158925,CT006RMCACARECLAM,Empresas|Microempresa,CT006RMCACARECLAM,Empresas|Microempresa,0009,2118
123701,CT016SCHORDIND,|HSI-UPDATE|IP_FIX--|VOIP-ADD|IPPBX-DELETE|TPBX-DELETE|,CT016SCHORDIND,|HSI-UPDATE|IP_FIX--|VOIP-ADD|IPPBX-DELETE|TPBX-DELETE|,NO|PBXIP => VOIP|SI,2006
123703,CT016SCHORDIND,|HSI-UPDATE|IP_FIX--|VOIP-ADD|IPTV-UPDATE|IPPBX-DELETE|STB--|TPBX-DELETE|,CT016SCHORDIND,|HSI-UPDATE|IP_FIX--|VOIP-ADD|IPTV-UPDATE|IPPBX-DELETE|STB--|TPBX-DELETE|,NO|PBXIP => VOIP|SI,2007
123705,CT016SCHORDIND,|HSI-UPDATE|IP_FIX--|VOIP-DELETE|IPPBX-ADD|TPBX-ADD|,CT016SCHORDIND,|HSI-UPDATE|IP_FIX--|VOIP-DELETE|IPPBX-ADD|TPBX-ADD|,SI|IP IP_FIX VOIP => IP IP_FIX IPPBX |SI,2008
130801,CT016SCHORDIND,|CAIP-ADD|,CT016SCHORDIND,|CAIP-ADD|,SI| |NO,2009
130803,CT016SCHORDIND,|HSI_CORP-ADD|,CT016SCHORDIND,|HSI_CORP-ADD|,SI| |NO,2010
130805,CT016SCHORDIND,|CAIP-UPDATE|,CT016SCHORDIND,|CAIP-UPDATE|,NO| |SI,2011
130807,CT016SCHORDIND,|HSI_CORP-UPDATE|,CT016SCHORDIND,|HSI_CORP-UPDATE|,NO| |SI,2012
130809,CT016SCHORDIND,|CAIP-DELETE|,CT016SCHORDIND,|CAIP-DELETE|,NO| |SI,2013
130811,CT016SCHORDIND,|HSI_CORP-DELETE|,CT016SCHORDIND,|HSI_CORP-DELETE|,NO| |SI,2014
130813,CT015ACTFFTH,FIBRA|CAIP,CT015ACTFFTH,FIBRA|CAIP,F.O. (HSI)|Installation of CAIP Service|MPPFTTH|60,2015
155201,CT016SCHORDIND,|HSI-UPDATE|IP_FIX--|IPTV-UPDATE|IPPBX-UPDATE|STB--|TPBX-DELETE|,CT016SCHORDIND,|HSI-UPDATE|IP_FIX--|IPTV-UPDATE|IPPBX-UPDATE|STB--|TPBX-DELETE|,NO| |SI,2099
158901,CT006RMCACARECLAM,MiPymes|Pequena,CT006RMCACARECLAM,MiPymes|Pequena,0003,2106
158903,CT006RMCACARECLAM,MiPymes|Mediana,CT006RMCACARECLAM,MiPymes|Mediana,0009,2107
109401,CT016SCHORDIND,|HSI-UPDATE|VOIP-UPDATE|IPTV-DELETE|STB-DELETE|,CT016SCHORDIND,|HSI-UPDATE|VOIP-UPDATE|IPTV-DELETE|STB-DELETE|,NO| |SI,1938
120601,CT016SCHORDIND,|PBX-ADD|TPBXCO-ADD|,CT016SCHORDIND,|PBX-ADD|TPBXCO-ADD|,SI| => PBX |NO,1939
120603,CT016SCHORDIND,|XDSL-ADD|PBX-ADD|TPBXCO-ADD|,CT016SCHORDIND,|XDSL-ADD|PBX-ADD|TPBXCO-ADD|,SI| => XDSL PBX |NO,1940
120605,CT016SCHORDIND,|XDSL-ADD|IP-ADD|PBX-ADD|TPBXCO-ADD|,CT016SCHORDIND,|XDSL-ADD|IP-ADD|PBX-ADD|TPBXCO-ADD|,SI| => XDSL IP PBX |NO,1941
120607,CT016SCHORDIND,|XDSL--|PBX-ADD|TPBXCO-ADD|,CT016SCHORDIND,|XDSL--|PBX-ADD|TPBXCO-ADD|,SI| XDSL => XDSL PBX |NO,1942
124813,CT016SCHORDIND,|XDSL-UPDATE|IP-ADD|PBX-UPDATE|TPBXCO--|,CT016SCHORDIND,|XDSL-UPDATE|IP-ADD|PBX-UPDATE|TPBXCO--|,SI| +IP |NO,1991
124815,CT016SCHORDIND,|XDSL-UPDATE|IP-DELETE|PBX-UPDATE|TPBXCO--|,CT016SCHORDIND,|XDSL-UPDATE|IP-DELETE|PBX-UPDATE|TPBXCO--|,NO| -IP |SI,1992
124817,CT016SCHORDIND,|XDSL-UPDATE|IP--|PBX-UPDATE|TPBXCO-ADD|,CT016SCHORDIND,|XDSL-UPDATE|IP--|PBX-UPDATE|TPBXCO-ADD|,NO| +TPBXCO |NO,1993
124819,CT016SCHORDIND,|XDSL-UPDATE|IP--|PBX-UPDATE|TPBXCO-DELETE|,CT016SCHORDIND,|XDSL-UPDATE|IP--|PBX-UPDATE|TPBXCO-DELETE|,NO| -TPBXCO |SI,1994
109301,CT016SCHORDIND,|HSI-UPDATE|IP_FIX-ADD|VOIP-UPDATE|IPTV-UPDATE|STB--|,CT016SCHORDIND,|HSI-UPDATE|IP_FIX-ADD|VOIP-UPDATE|IPTV-UPDATE|STB--|,SI| |NO,1937
120609,CT016SCHORDIND,|XDSL--|IP--|PBX-ADD|TPBXCO-ADD|,CT016SCHORDIND,|XDSL--|IP--|PBX-ADD|TPBXCO-ADD|,SI| XDSL IP => XDSL IP PBX |NO,1943
120611,CT016SCHORDIND,|PBX--|TPBXCO-ADD|,CT016SCHORDIND,|PBX--|TPBXCO-ADD|,NO| |NO,1944
120613,CT016SCHORDIND,|PBX--|TPBXCO-DELETE|,CT016SCHORDIND,|PBX--|TPBXCO-DELETE|,NO| |SI,1945
120615,CT016SCHORDIND,|XDSL-ADD|PBX--|TPBXCO--|,CT016SCHORDIND,|XDSL-ADD|PBX--|TPBXCO--|,SI| PBX => XDSL PBX |NO,1946
120617,CT016SCHORDIND,|XDSL-ADD|IP-ADD|PBX--|TPBXCO--|,CT016SCHORDIND,|XDSL-ADD|IP-ADD|PBX--|TPBXCO--|,SI| PBX => XDSL IP PBX |NO,1947
120619,CT016SCHORDIND,|XDSL--|PBX--|TPBXCO-ADD|,CT016SCHORDIND,|XDSL--|PBX--|TPBXCO-ADD|,SI| +IP |NO,1948
120621,CT016SCHORDIND,|XDSL--|PBX--|TPBXCO-DELETE|,CT016SCHORDIND,|XDSL--|PBX--|TPBXCO-DELETE|,NO| -IP |SI,1949
120623,CT016SCHORDIND,|XDSL--|IP-ADD|PBX--|TPBXCO--|,CT016SCHORDIND,|XDSL--|IP-ADD|PBX--|TPBXCO--|,SI| +IP |NO,1950
120655,CT016SCHORDIND,|HSI-UPDATE|IP_FIX--|IPTV-ADD|IPPBX-UPDATE|STB-ADD|TPBX-ADD|,CT016SCHORDIND,|HSI-UPDATE|IP_FIX--|IPTV-ADD|IPPBX-UPDATE|STB-ADD|TPBX-ADD|,SI | IP IP_FIX IPPBX => IP IP_FIX IPPBX IPTV|NO,1966
120657,CT016SCHORDIND,|HSI-UPDATE|IP_FIX--|VOIP-DELETE|IPTV-UPDATE|IPPBX-ADD|STB--|TPBX-ADD|,CT016SCHORDIND,|HSI-UPDATE|IP_FIX--|VOIP-DELETE|IPTV-UPDATE|IPPBX-ADD|STB--|TPBX-ADD|,SI|IP IP_FIX VOIP IPTV => IP IP_FIX IPPBX IPTV|SI,1967
120659,CT016SCHORDIND,|HSI-UPDATE|IP_FIX--|IPPBX-UPDATE|TPBX-ADD|,CT016SCHORDIND,|HSI-UPDATE|IP_FIX--|IPPBX-UPDATE|TPBX-ADD|,SI|IPPBX => IPPBX MOD|NO,1968
120661,CT016SCHORDIND,|HSI-UPDATE|IP_FIX--|IPTV-DELETE|IPPBX-UPDATE|STB-DELETE|TPBX-DELETE|,CT016SCHORDIND,|HSI-UPDATE|IP_FIX--|IPTV-DELETE|IPPBX-UPDATE|STB-DELETE|TPBX-DELETE|,NO| IP IP_FIX TPBX => IP IP_FIX  |SI,1969
120663,CT016SCHORDIND,|HSI-UPDATE|IP_FIX--|IPTV-ADD|IPPBX-UPDATE|STB-ADD|TPBX-DELETE|,CT016SCHORDIND,|HSI-UPDATE|IP_FIX--|IPTV-ADD|IPPBX-UPDATE|STB-ADD|TPBX-DELETE|,SI| IP IP_FIX IPTV TPBX => IP IP_FIX IPTV |SI,1970
120665,CT016SCHORDIND,|HSI-UPDATE|IP_FIX--|IPPBX-UPDATE|TPBX-DELETE|,CT016SCHORDIND,|HSI-UPDATE|IP_FIX--|IPPBX-UPDATE|TPBX-DELETE|,NO|IP IP_FIX TPBX => IP IP_FIX |SI,1971
136603,CT21AQO,Venta LTE,CT21AQO,Venta LTE,VENTA,2042
136605,CT21AQO,Venta LTE Financiado,CT21AQO,Venta LTE Financiado,VENTA,2043
136607,CT21AQO,Venta LTE NCP,CT21AQO,Venta LTE NCP,PORTABILIDAD,2044
136609,CT21AQO,Modificacion Cambio Numero LTE,CT21AQO,Modificacion Cambio Numero LTE,CAMBIO NUMERO,2045
136611,CT21AQO,Cambio Numero LTE NCP,CT21AQO,Cambio Numero LTE NCP,CAMBIO NUMERO PORTADO,2046
136613,CT21AQO,Renovacion Equipo mas SIM,CT21AQO,Renovacion Equipo mas SIM,CAMBIO SIM,2047
150701,CT016SCHORDIND,|HSI-ADD|IPPBX-ADD|,CT016SCHORDIND,|HSI-ADD|IPPBX-ADD|,SI| |NO,2057
150703,CT016SCHORDIND,|HSI-ADD|IPPBX-ADD|TPBX-ADD|,CT016SCHORDIND,|HSI-ADD|IPPBX-ADD|TPBX-ADD|,SI| |NO,2058
150705,CT016SCHORDIND,|HSI-ADD|IPTV-ADD|IPPBX-ADD|STB-ADD|,CT016SCHORDIND,|HSI-ADD|IPTV-ADD|IPPBX-ADD|STB-ADD|,SI| |NO,2059
152701,CT016SCHORDIND,|HSI-UPDATE|IP_FIX-ADD|IPTV-ADD|IPPBX-UPDATE|STB-ADD|TPBX--|,CT016SCHORDIND,|HSI-UPDATE|IP_FIX-ADD|IPTV-ADD|IPPBX-UPDATE|STB-ADD|TPBX--|,SI| |NO,2094
152703,CT016SCHORDIND,|HSI-UPDATE|IP_FIX--|IPTV-ADD|IPPBX-UPDATE|STB-ADD|TPBX--|,CT016SCHORDIND,|HSI-UPDATE|IP_FIX--|IPTV-ADD|IPPBX-UPDATE|STB-ADD|TPBX--|,SI| |NO,2095
152705,CT016SCHORDIND,|HSI-UPDATE|IP_FIX-DELETE|IPTV-ADD|IPPBX-UPDATE|STB-ADD|TPBX--|,CT016SCHORDIND,|HSI-UPDATE|IP_FIX-DELETE|IPTV-ADD|IPPBX-UPDATE|STB-ADD|TPBX--|,SI| |NO,2096
152707,CT016SCHORDIND,|HSI-UPDATE|IPTV-ADD|IPPBX-UPDATE|STB-ADD|TPBX--|,CT016SCHORDIND,|HSI-UPDATE|IPTV-ADD|IPPBX-UPDATE|STB-ADD|TPBX--|,SI| |NO,2097
120639,CT016SCHORDIND,|XDSL--|IP--|PBX-DELETE|TPBXCO-DELETE|,CT016SCHORDIND,|XDSL--|IP--|PBX-DELETE|TPBXCO-DELETE|,NO| XDSL IP PBX => XDSL IP |SI,1958
120641,CT016SCHORDIND,|XDSL-DELETE|PBX-DELETE|TPBXCO-DELETE|,CT016SCHORDIND,|XDSL-DELETE|PBX-DELETE|TPBXCO-DELETE|,NO| |SI,1959
120643,CT016SCHORDIND,|XDSL-DELETE|IP-DELETE|PBX-DELETE|TPBXCO-DELETE|,CT016SCHORDIND,|XDSL-DELETE|IP-DELETE|PBX-DELETE|TPBXCO-DELETE|,NO| |SI,1960
120645,CT016SCHORDIND,|HSI-ADD|IP_FIX-ADD|IPPBX-ADD|TPBX-ADD|,CT016SCHORDIND,|HSI-ADD|IP_FIX-ADD|IPPBX-ADD|TPBX-ADD|,SI|   =>IP IP_FIX PBXIP|NO,1961
120647,CT016SCHORDIND,|HSI-ADD|IP_FIX-ADD|IPTV-ADD|IPPBX-ADD|STB-ADD|TPBX-ADD|,CT016SCHORDIND,|HSI-ADD|IP_FIX-ADD|IPTV-ADD|IPPBX-ADD|STB-ADD|TPBX-ADD|,SI|   =>IP IP_FIX IPTV PBXIP|NO,1962
120649,CT016SCHORDIND,|HSI-UPDATE|IP_FIX-NONE|VOIP-DELETE|IPTV-NONE|IPPBX-ADD|TPBX-ADD|,CT016SCHORDIND,|HSI-UPDATE|IP_FIX-NONE|VOIP-DELETE|IPTV-NONE|IPPBX-ADD|TPBX-ADD|,SI|VOIP => PBXIP|SI,1963
120651,CT016SCHORDIND,|HSI-UPDATE|IP_FIX-NONE|VOIP-ADD|IPTV-NONE|IPPBX-DELETE|TPBX-DELETE|,CT016SCHORDIND,|HSI-UPDATE|IP_FIX-NONE|VOIP-ADD|IPTV-NONE|IPPBX-DELETE|TPBX-DELETE|,SI|PBXIP => VOIP|SI,1964
120653,CT016SCHORDIND,|HSI-UPDATE|IP_FIX--|IPTV-DELETE|IPPBX-UPDATE|STB-DELETE|TPBX-ADD|,CT016SCHORDIND,|HSI-UPDATE|IP_FIX--|IPTV-DELETE|IPPBX-UPDATE|STB-DELETE|TPBX-ADD|,SI|IP  IPTV  PBX => IP  PBX |SI,1965
124805,CT016SCHORDIND,|XDSL-ADD|PBX-UPDATE|TPBXCO--|,CT016SCHORDIND,|XDSL-ADD|PBX-UPDATE|TPBXCO--|,SI| PBX => XDSL PBX |NO,1987
124807,CT016SCHORDIND,|XDSL-ADD|IP-ADD|PBX-UPDATE|TPBXCO--|,CT016SCHORDIND,|XDSL-ADD|IP-ADD|PBX-UPDATE|TPBXCO--|,SI| PBX => XDSL IP PBX |NO,1988
124809,CT016SCHORDIND,|XDSL-UPDATE|PBX-UPDATE|TPBXCO-ADD|,CT016SCHORDIND,|XDSL-UPDATE|PBX-UPDATE|TPBXCO-ADD|,SI| +IP |NO,1989
124811,CT016SCHORDIND,|XDSL-UPDATE|PBX-UPDATE|TPBXCO-DELETE|,CT016SCHORDIND,|XDSL-UPDATE|PBX-UPDATE|TPBXCO-DELETE|,NO| -IP |SI,1990
124829,CT016SCHORDIND,|HSI-UPDATE|IP_FIX--|VOIP-DELETE|IPTV-UPDATE|IPPBX-ADD|TPBX-ADD|,CT016SCHORDIND,|HSI-UPDATE|IP_FIX--|VOIP-DELETE|IPTV-UPDATE|IPPBX-ADD|TPBX-ADD|,SI|VOIP => PBXIP|SI,1999
124831,CT016SCHORDIND,|HSI-UPDATE|IP_FIX--|VOIP-ADD|IPTV-UPDATE|IPPBX-DELETE|TPBX-DELETE|,CT016SCHORDIND,|HSI-UPDATE|IP_FIX--|VOIP-ADD|IPTV-UPDATE|IPPBX-DELETE|TPBX-DELETE|,SI|PBXIP => VOIP|SI,2000
124833,CT016SCHORDIND,|HSI-UPDATE|VOIP-UPDATE|IPTV-ADD|VOIP-UPDATE|STB-ADD|,CT016SCHORDIND,|HSI-UPDATE|VOIP-UPDATE|IPTV-ADD|VOIP-UPDATE|STB-ADD|,SI| IP VOIP => IP VOIP IPTV |NO,2001
124835,CT016SCHORDIND,|IPTV-ADD|LB-UPDATE|XDSL-ADD|STB-ADD|,CT016SCHORDIND,|IPTV-ADD|LB-UPDATE|XDSL-ADD|STB-ADD|,SI| IP =>IPTV IP VOIP|NO,2002
123301,CT016SCHORDIND,|HSI-UPDATE|IP_FIX--|IPTV-DELETE|IPPBX-UPDATE|STB-DELETE|TPBX--|,CT016SCHORDIND,|HSI-UPDATE|IP_FIX--|IPTV-DELETE|IPPBX-UPDATE|STB-DELETE|TPBX--|,NO| |SI,2003
123303,CT016SCHORDIND,|HSI-UPDATE|IP_FIX--|IPTV-UPDATE|IPPBX-UPDATE|STB--|TPBX-ADD|,CT016SCHORDIND,|HSI-UPDATE|IP_FIX--|IPTV-UPDATE|IPPBX-UPDATE|STB--|TPBX-ADD|,SI| |NO,2004
123305,CT016SCHORDIND,|HSI-UPDATE|IP_FIX-ADD|VOIP-UPDATE|VOIP-UPDATE|,CT016SCHORDIND,|HSI-UPDATE|IP_FIX-ADD|VOIP-UPDATE|VOIP-UPDATE|,SI| | NO,2005
130816,CT015ACTFFTH,FIBRA|HSI_CORP,CT015ACTFFTH,FIBRA|HSI_CORP,F.O. (HSI)|Installation of HSI_CORP Service|MPPFTTH|60,2016
130818,CT015ACTFFTH,"FIBRA|HSI,IPTV,IPPBX,STB_ADD_3,TPBX",CT015ACTFFTH,"FIBRA|HSI,IPTV,IPPBX,STB_ADD_3,TPBX",F.O. (HSI/IPTV/IPPBX/STB_ADD_3)|Installation of triple play Service with two STB +3 aditional STB|MPPFTTH|240,2017
130820,CT015ACTFFTH,"FIBRA|HSI,IPTV,IPPBX,STB_ADD_4,TPBX",CT015ACTFFTH,"FIBRA|HSI,IPTV,IPPBX,STB_ADD_4,TPBX",F.O. (HSI/IPTV/IPPBX/STB_ADD_4)|Installation of triple play Service with two STB +4 aditional STB|MPPFTTH|240,2018
130822,CT015ACTFFTH,"FIBRA|HSI,IP_FIX,IPTV,IPPBX,STB_ADD_1,TPBX",CT015ACTFFTH,"FIBRA|HSI,IP_FIX,IPTV,IPPBX,STB_ADD_1,TPBX",F.O. (HSI/IP_FIX/IPTV/IPPBX/STB_ADD_1)|Installation of triple play Service with fix IP and two STB + 1 aditional STB|MPPFTTH|240,2019
130824,CT015ACTFFTH,"FIBRA|HSI,IP_FIX,IPTV,IPPBX,STB_ADD_2,TPBX",CT015ACTFFTH,"FIBRA|HSI,IP_FIX,IPTV,IPPBX,STB_ADD_2,TPBX",F.O. (HSI/IP_FIX/IPTV/IPPBX/STB_ADD_2)|Installation of triple play Service with fix IP and two STB + 2 aditional STB|MPPFTTH|240,2020
130826,CT015ACTFFTH,"FIBRA|HSI,IP_FIX,IPTV,IPPBX,STB_ADD_3,TPBX",CT015ACTFFTH,"FIBRA|HSI,IP_FIX,IPTV,IPPBX,STB_ADD_3,TPBX",F.O. (HSI/IP_FIX/IPTV/IPPBX/STB_ADD_3)|Installation of triple play Service with fix IP and two STB + 3 aditional STB|MPPFTTH|240,2021
130828,CT015ACTFFTH,"FIBRA|HSI,IP_FIX,IPTV,IPPBX,STB_ADD_4,TPBX",CT015ACTFFTH,"FIBRA|HSI,IP_FIX,IPTV,IPPBX,STB_ADD_4,TPBX",F.O. (HSI/IP_FIX/IPTV/IPPBX/STB_ADD_4)|Installation of triple play Service with fix IP and two STB + 4 aditional STB|MPPFTTH|240,2022
130830,CT015ACTFFTH,"FIBRA|HSI,IP_FIX,IPPBX,TPBX",CT015ACTFFTH,"FIBRA|HSI,IP_FIX,IPPBX,TPBX",F.O. (HSI/IP_FIX/IPPBX)| Installation of IPPBX service with fix IP|MPPFTTH|120,2023
130832,CT015ACTFFTH,"FIBRA|HSI,IP_FIX,VOIP,IPPBX,TPBX",CT015ACTFFTH,"FIBRA|HSI,IP_FIX,VOIP,IPPBX,TPBX",F.O. (HSI/IP_FIX/VOIP/IPPBX)|Upgrade or Downgrade VoIP from to IPPBX on duo play Services|MPPFTTH_POS|240,2024
130834,CT015ACTFFTH,"FIBRA|HSI,IP_FIX,VOIP,IPTV,IPPBX,STB_ADD_1,TPBX",CT015ACTFFTH,"FIBRA|HSI,IP_FIX,VOIP,IPTV,IPPBX,STB_ADD_1,TPBX",F.O. (HSI/IP_FIX/VOIP/IPTV/IPPBX)|Upgrade or Downgrade VoIP from to IPPBX on trio play Services with 1 additional STB|MPPFTTH_POS|240,2025
130836,CT015ACTFFTH,"FIBRA|HSI,IP_FIX,VOIP,IPTV,IPPBX,STB_ADD_2,TPBX",CT015ACTFFTH,"FIBRA|HSI,IP_FIX,VOIP,IPTV,IPPBX,STB_ADD_2,TPBX",F.O. (HSI/IP_FIX/VOIP/IPTV/IPPBX)|Upgrade or Downgrade VoIP from to IPPBX on trio play Services with 2 additional STB|MPPFTTH_POS|240,2026
155602,CT016SCHORDIND,PRUEBA,CT016SCHORDIND,PRUEBA,NO| |SI,2105
124801,CT016SCHORDIND,|PBX-UPDATE|TPBXCO-ADD|,CT016SCHORDIND,|PBX-UPDATE|TPBXCO-ADD|,NO| |NO,1985
124803,CT016SCHORDIND,|PBX-UPDATE|TPBXCO-DELETE|,CT016SCHORDIND,|PBX-UPDATE|TPBXCO-DELETE|,NO| |SI,1986
130838,CT015ACTFFTH,"FIBRA|HSI,IP_FIX,VOIP,IPTV,IPPBX,STB_ADD_3,TPBX",CT015ACTFFTH,"FIBRA|HSI,IP_FIX,VOIP,IPTV,IPPBX,STB_ADD_3,TPBX",F.O. (HSI/IP_FIX/VOIP/IPTV/IPPBX)|Upgrade or Downgrade VoIP from to IPPBX on trio play Services with 3 additional STB|MPPFTTH_POS|240,2027
130840,CT015ACTFFTH,"FIBRA|HSI,IP_FIX,IPTV,IPPBX,TPBX",CT015ACTFFTH,"FIBRA|HSI,IP_FIX,IPTV,IPPBX,TPBX",F.O. (HSI/IP_FIX/IPTV/IPPBX)|Installation of triple play Service with fix IP and two STB|MPPFTTH|240,2028
130842,CT015ACTFFTH,"FIBRA|HSI,IPTV,IPPBX,STB_ADD_1,TPBX",CT015ACTFFTH,"FIBRA|HSI,IPTV,IPPBX,STB_ADD_1,TPBX",F.O. (HSI/IPTV/IPPBX/STB_ADD_1)|Installation of triple play Service with two STBÃ?  +1 aditional STB|MPPFTTH|240,2029
130844,CT015ACTFFTH,"FIBRA|HSI,IPTV,IPPBX,STB_ADD_2,TPBX",CT015ACTFFTH,"FIBRA|HSI,IPTV,IPPBX,STB_ADD_2,TPBX",F.O. (HSI/IPTV/IPPBX/STB_ADD_2)|Installation of triple play Service with two STBÃ?  +2 aditional STB|MPPFTTH|240,2030
130846,CT015ACTFFTH,"FIBRA|IPPBX,TPBX",CT015ACTFFTH,"FIBRA|IPPBX,TPBX",F.O. (IPPBX)|Installation of IPPBX Service|MPPFTTH|60,2031
130848,CT015ACTFFTH,"FIBRA|IPTV,IPPBX,TPBX",CT015ACTFFTH,"FIBRA|IPTV,IPPBX,TPBX",F.O. (IPTV/IPPBX)|Installation of duo service|MPPFTTH|120,2032
130850,CT015ACTFFTH,"FIBRA|HSI,IPTV,IPPBX,TPBX",CT015ACTFFTH,"FIBRA|HSI,IPTV,IPPBX,TPBX",F.O. (HSI/IPTV/IPPBX)|Installation of triple play Service|MPPFTTH|240,2033
130852,CT015ACTFFTH,"FIBRA|HSI,IP_FIX,VOIP,IPTV,IPPBX,STB_ADD_4,TPBX",CT015ACTFFTH,"FIBRA|HSI,IP_FIX,VOIP,IPTV,IPPBX,STB_ADD_4,TPBX",F.O. (HSI/IP_FIX/VOIP/IPTV/IPPBX)|Upgrade or Downgrade VoIP from to IPPBX on trio play Services with 4 additional STB|MPPFTTH_POS|240,2034
130854,CT015ACTFFTH,"FIBRA|HSI,VOIP,IPPBX,TPBX",CT015ACTFFTH,"FIBRA|HSI,VOIP,IPPBX,TPBX",F.O. (HSI/VOIP/IPPBX)|Upgrade or Downgrade VoIP from to IPPBX on duo play Services|MPPFTTH_POS|240,2035
130856,CT015ACTFFTH,"FIBRA|HSI,VOIP,IPTV,IPPBX,STB_ADD_1,TPBX",CT015ACTFFTH,"FIBRA|HSI,VOIP,IPTV,IPPBX,STB_ADD_1,TPBX",F.O. (HSI/VOIP/IPTV/IPPBX/STB_ADD_1)|Upgrade or Downgrade VoIP from to IPPBX on trio play Services with 1 additional STB|MPPFTTH_POS|240,2036
130858,CT015ACTFFTH,"FIBRA|HSI,VOIP,IPTV,IPPBX,STB_ADD_2,TPBX",CT015ACTFFTH,"FIBRA|HSI,VOIP,IPTV,IPPBX,STB_ADD_2,TPBX",F.O. (HSI/VOIP/IPTV/IPPBX/STB_ADD_2)|Upgrade or Downgrade VoIP from to IPPBX on trio play Services with 2 additional STB|MPPFTTH_POS|240,2037
130860,CT015ACTFFTH,"FIBRA|HSI,VOIP,IPTV,IPPBX,STB_ADD_3,TPBX",CT015ACTFFTH,"FIBRA|HSI,VOIP,IPTV,IPPBX,STB_ADD_3,TPBX",F.O. (HSI/VOIP/IPTV/IPPBX/STB_ADD_3)|Upgrade or Downgrade VoIP from to IPPBX on trio play Services with 3 additional STB|MPPFTTH_POS|240,2038
130862,CT015ACTFFTH,"FIBRA|HSI,VOIP,IPTV,IPPBX,STB_ADD_4,TPBX",CT015ACTFFTH,"FIBRA|HSI,VOIP,IPTV,IPPBX,STB_ADD_4,TPBX",F.O. (HSI/VOIP/IPTV/IPPBX/STB_ADD_3)|Upgrade or Downgrade VoIP from to IPPBX on trio play Services with 4 additional STB|MPPFTTH_POS|240,2039
130864,CT015ACTFFTH,"FIBRA|HSI,VOIP,IPTV,IPPBX,TPBX",CT015ACTFFTH,"FIBRA|HSI,VOIP,IPTV,IPPBX,TPBX",F.O. (HSI/VOIP/IPTV/IPPBX)|Upgrade or Downgrade VoIP from to IPPBX on trio play Services|MPPFTTH_POS|240,2040
130866,CT015ACTFFTH,"FIBRA|HSI,IPPBX,TPBX",CT015ACTFFTH,"FIBRA|HSI,IPPBX,TPBX",F.O. (HSI/IPPBX)|Installation of duo play service|MPPFTTH|120,2041
150737,CT016SCHORDIND,|HSI-UPDATE|VOIP-ADD|IPTV-UPDATE|IPPBX-DELETE|STB--|TPBX-DELETE|,CT016SCHORDIND,|HSI-UPDATE|VOIP-ADD|IPTV-UPDATE|IPPBX-DELETE|STB--|TPBX-DELETE|,NO|PBXIP => VOIP|SI,2075
150739,CT016SCHORDIND,|HSI-UPDATE|VOIP-ADD|IPTV-UPDATE|IPPBX-DELETE|TPBX-DELETE|,CT016SCHORDIND,|HSI-UPDATE|VOIP-ADD|IPTV-UPDATE|IPPBX-DELETE|TPBX-DELETE|,SI|PBXIP => VOIP|SI,2076
150741,CT016SCHORDIND,|HSI-UPDATE|VOIP-DELETE|IPPBX-ADD|TPBX-ADD|,CT016SCHORDIND,|HSI-UPDATE|VOIP-DELETE|IPPBX-ADD|TPBX-ADD|,SI| |SI,2077
150743,CT016SCHORDIND,|HSI-UPDATE|VOIP-DELETE|IPTV--|IPPBX-ADD|,CT016SCHORDIND,|HSI-UPDATE|VOIP-DELETE|IPTV--|IPPBX-ADD|,SI|VOIP => PBXIP|SI,2078
150745,CT016SCHORDIND,|HSI-UPDATE|VOIP-DELETE|IPTV--|IPPBX-ADD|TPBX-ADD|,CT016SCHORDIND,|HSI-UPDATE|VOIP-DELETE|IPTV--|IPPBX-ADD|TPBX-ADD|,SI|VOIP => PBXIP|SI,2079
150747,CT016SCHORDIND,|HSI-UPDATE|VOIP-DELETE|IPTV-UPDATE|IPPBX-ADD|STB--|,CT016SCHORDIND,|HSI-UPDATE|VOIP-DELETE|IPTV-UPDATE|IPPBX-ADD|STB--|,SI| |NO,2080
150749,CT016SCHORDIND,|HSI-UPDATE|VOIP-DELETE|IPTV-UPDATE|IPPBX-ADD|STB--|TPBX-ADD|,CT016SCHORDIND,|HSI-UPDATE|VOIP-DELETE|IPTV-UPDATE|IPPBX-ADD|STB--|TPBX-ADD|,SI| |SI,2081
150751,CT016SCHORDIND,|HSI-UPDATE|VOIP-DELETE|IPTV-UPDATE|IPPBX-ADD|TPBX-ADD|,CT016SCHORDIND,|HSI-UPDATE|VOIP-DELETE|IPTV-UPDATE|IPPBX-ADD|TPBX-ADD|,SI|VOIP => PBXIP|SI,2082
150753,CT016SCHORDIND,|HSI-UPDATE|VOIP-ADD|IPTV-NONE|IPPBX-DELETE|TPBX-DELETE|,CT016SCHORDIND,|HSI-UPDATE|VOIP-ADD|IPTV-NONE|IPPBX-DELETE|TPBX-DELETE|,SI|PBXIP => VOIP|SI,2083
150755,CT016SCHORDIND,|HSI-UPDATE|VOIP-DELETE|IPTV-NONE|IPPBX-ADD|TPBX-ADD|,CT016SCHORDIND,|HSI-UPDATE|VOIP-DELETE|IPTV-NONE|IPPBX-ADD|TPBX-ADD|,SI|VOIP => PBXIP|SI,2084
150801,CT006RMCACARECLAM,Gobierno|Grandes,CT006RMCACARECLAM,Gobierno|Grandes,0006,2085
150803,CT006RMCACARECLAM,Gobierno|Mediana,CT006RMCACARECLAM,Gobierno|Mediana,0006,2086
150805,CT006RMCACARECLAM,Gobierno|Micro,CT006RMCACARECLAM,Gobierno|Micro,0006,2087
150807,CT006RMCACARECLAM,Gobierno|Pequenas,CT006RMCACARECLAM,Gobierno|Pequenas,0006,2088
150809,CT006RMCACARECLAM,Mayoristas|Carrier y Operadores,CT006RMCACARECLAM,Mayoristas|Carrier y Operadores,0012,2089
150811,CT006RMCACARECLAM,Mayoristas|Grandes,CT006RMCACARECLAM,Mayoristas|Grandes,0005,2090
150813,CT006RMCACARECLAM,Mayoristas|Mediana,CT006RMCACARECLAM,Mayoristas|Mediana,0009,2091
150815,CT006RMCACARECLAM,Mayoristas|Micro,CT006RMCACARECLAM,Mayoristas|Micro,0009,2092
150817,CT006RMCACARECLAM,Mayoristas|Pequenas,CT006RMCACARECLAM,Mayoristas|Pequenas,0003,2093
148801,CT016SCHORDIND,|HSI-UPDATE|IP_FIX--|IPTV-ADD|IPPBX--|STB-ADD|TPBX--|,CT016SCHORDIND,|HSI-UPDATE|IP_FIX--|IPTV-ADD|IPPBX--|STB-ADD|TPBX--|,SI| |NO,2098
118711,CT016SCHORDIND,|IPTV-DELETE|LB-UPDATE|XDSL-UPDATE|STB-DELETE|,CT016SCHORDIND,|IPTV-DELETE|LB-UPDATE|XDSL-UPDATE|STB-DELETE|,NO| |SI,1936
124821,CT016SCHORDIND,|XDSL-DELETE|PBX-UPDATE|TPBXCO--|,CT016SCHORDIND,|XDSL-DELETE|PBX-UPDATE|TPBXCO--|,NO| XDSL IP PBX => PBX |SI,1995
124823,CT016SCHORDIND,|XDSL-DELETE|IP-DELETE|PBX-UPDATE|TPBXCO--|,CT016SCHORDIND,|XDSL-DELETE|IP-DELETE|PBX-UPDATE|TPBXCO--|,NO| XDSL IP PBX => PBX |SI,1996
124825,CT016SCHORDIND,|HSI-UPDATE|IP_FIX--|VOIP-DELETE|IPTV--|IPPBX-ADD|TPBX-ADD|,CT016SCHORDIND,|HSI-UPDATE|IP_FIX--|VOIP-DELETE|IPTV--|IPPBX-ADD|TPBX-ADD|,SI|VOIP => PBXIP|SI,1997
124827,CT016SCHORDIND,|HSI-UPDATE|IP_FIX--|VOIP-ADD|IPTV--|IPPBX-DELETE|TPBX-DELETE|,CT016SCHORDIND,|HSI-UPDATE|IP_FIX--|VOIP-ADD|IPTV--|IPPBX-DELETE|TPBX-DELETE|,SI|PBXIP => VOIP|SI,1998
130601,CT20APROSERVICETYPE,LTE Postpaid Plan Class,CT20APROSERVICETYPE,LTE Postpaid Plan Class,1,1001
130603,CT20APROSERVICETYPE,LTE Control Plan Class,CT20APROSERVICETYPE,LTE Control Plan Class,2,1002
136615,CT21AQO,Renovacion Sim,CT21AQO,Renovacion Sim,CAMBIO SIM,2048
136617,CT21AQO,Reposicion Equipo mas SIM,CT21AQO,Reposicion Equipo mas SIM,CAMBIO SIM,2049
136619,CT21AQO,Cancelacion Voluntaria,CT21AQO,Cancelacion Voluntaria,RETIRAR EN LINEA,2050
136621,CT21AQO,Cancelacion por ente regulador,CT21AQO,Cancelacion por ente regulador,RETIRAR EN LINEA,2051
136623,CT21AQO,Cancelacion por Pago,CT21AQO,Cancelacion por Pago,RETIRAR EN LINEA,2052
150707,CT016SCHORDIND,|HSI-ADD|IPTV-ADD|IPPBX-ADD|STB-ADD|TPBX-ADD|,CT016SCHORDIND,|HSI-ADD|IPTV-ADD|IPPBX-ADD|STB-ADD|TPBX-ADD|,SI| |NO,2060
150709,CT016SCHORDIND,|HSI-UPDATE|IPPBX-UPDATE|,CT016SCHORDIND,|HSI-UPDATE|IPPBX-UPDATE|,NO|IPPBX => IPPBX MOD|SI,2061
150711,CT016SCHORDIND,|HSI-UPDATE|IPPBX-UPDATE|TPBX-ADD|,CT016SCHORDIND,|HSI-UPDATE|IPPBX-UPDATE|TPBX-ADD|,SI|IPPBX => IPPBX MOD|NO,2062
150713,CT016SCHORDIND,|HSI-UPDATE|IPPBX-UPDATE|TPBX-DELETE|,CT016SCHORDIND,|HSI-UPDATE|IPPBX-UPDATE|TPBX-DELETE|,NO| |SI,2063
150715,CT016SCHORDIND,|HSI-UPDATE|IPTV-ADD|IPPBX-UPDATE|STB-ADD|,CT016SCHORDIND,|HSI-UPDATE|IPTV-ADD|IPPBX-UPDATE|STB-ADD|,SI | |NO,2064
150717,CT016SCHORDIND,|HSI-UPDATE|IPTV-ADD|IPPBX-UPDATE|STB-ADD|TPBX-ADD|,CT016SCHORDIND,|HSI-UPDATE|IPTV-ADD|IPPBX-UPDATE|STB-ADD|TPBX-ADD|,SI | |NO,2065
150719,CT016SCHORDIND,|HSI-UPDATE|IPTV-ADD|IPPBX-UPDATE|STB-ADD|TPBX-DELETE|,CT016SCHORDIND,|HSI-UPDATE|IPTV-ADD|IPPBX-UPDATE|STB-ADD|TPBX-DELETE|,SI| |SI,2066
150721,CT016SCHORDIND,|HSI-UPDATE|IPTV-DELETE|IPPBX-UPDATE|STB-DELETE|,CT016SCHORDIND,|HSI-UPDATE|IPTV-DELETE|IPPBX-UPDATE|STB-DELETE|,NO|IP  IPTV  PBX => IP  PBX |SI,2067
150723,CT016SCHORDIND,|HSI-UPDATE|IPTV-DELETE|IPPBX-UPDATE|STB-DELETE|TPBX--|,CT016SCHORDIND,|HSI-UPDATE|IPTV-DELETE|IPPBX-UPDATE|STB-DELETE|TPBX--|,NO| |SI,2068
150725,CT016SCHORDIND,|HSI-UPDATE|IPTV-DELETE|IPPBX-UPDATE|STB-DELETE|TPBX-ADD|,CT016SCHORDIND,|HSI-UPDATE|IPTV-DELETE|IPPBX-UPDATE|STB-DELETE|TPBX-ADD|,SI|IP  IPTV  PBX => IP  PBX |SI,2069
150727,CT016SCHORDIND,|HSI-UPDATE|IPTV-DELETE|IPPBX-UPDATE|STB-DELETE|TPBX-DELETE|,CT016SCHORDIND,|HSI-UPDATE|IPTV-DELETE|IPPBX-UPDATE|STB-DELETE|TPBX-DELETE|,NO| |SI,2070
150729,CT016SCHORDIND,|HSI-UPDATE|IPTV-UPDATE|IPPBX-UPDATE|STB--|TPBX-ADD|,CT016SCHORDIND,|HSI-UPDATE|IPTV-UPDATE|IPPBX-UPDATE|STB--|TPBX-ADD|,SI| |NO,2071
150731,CT016SCHORDIND,|HSI-UPDATE|VOIP-ADD|IPPBX-DELETE|TPBX-DELETE|,CT016SCHORDIND,|HSI-UPDATE|VOIP-ADD|IPPBX-DELETE|TPBX-DELETE|,NO|PBXIP => VOIP|SI,2072
150733,CT016SCHORDIND,|HSI-UPDATE|VOIP-ADD|IPTV--|IPPBX-DELETE|,CT016SCHORDIND,|HSI-UPDATE|VOIP-ADD|IPTV--|IPPBX-DELETE|,SI|PBXIP => VOIP|NO,2073
150735,CT016SCHORDIND,|HSI-UPDATE|VOIP-ADD|IPTV--|IPPBX-DELETE|TPBX-DELETE|,CT016SCHORDIND,|HSI-UPDATE|VOIP-ADD|IPTV--|IPPBX-DELETE|TPBX-DELETE|,SI|PBXIP => VOIP|SI,2074
158905,CT006RMCACARECLAM,MiPymes|Microempresa,CT006RMCACARECLAM,MiPymes|Microempresa,0009,2108
158907,CT006RMCACARECLAM,MiPymes|Negocios,CT006RMCACARECLAM,MiPymes|Negocios,0009,2109
158909,CT006RMCACARECLAM,Mayoristas|Grande,CT006RMCACARECLAM,Mayoristas|Grande,0005,2110
158911,CT006RMCACARECLAM,Mayoristas|Pequena,CT006RMCACARECLAM,Mayoristas|Pequena,0003,2111
158913,CT006RMCACARECLAM,Mayoristas|Microempresa,CT006RMCACARECLAM,Mayoristas|Microempresa,0009,2112
158915,CT006RMCACARECLAM,Gobierno|Grande,CT006RMCACARECLAM,Gobierno|Grande,0006,2113